-- phpMyAdmin SQL Dump
-- version 4.5.1
-- http://www.phpmyadmin.net
--
-- Host: 127.0.0.1
-- Generation Time: Feb 09, 2017 at 08:18 AM
-- Server version: 10.1.10-MariaDB
-- PHP Version: 5.6.19

SET SQL_MODE = "NO_AUTO_VALUE_ON_ZERO";
SET time_zone = "+00:00";


/*!40101 SET @OLD_CHARACTER_SET_CLIENT=@@CHARACTER_SET_CLIENT */;
/*!40101 SET @OLD_CHARACTER_SET_RESULTS=@@CHARACTER_SET_RESULTS */;
/*!40101 SET @OLD_COLLATION_CONNECTION=@@COLLATION_CONNECTION */;
/*!40101 SET NAMES utf8mb4 */;

--
-- Database: `quanlydienthoai`
--

-- --------------------------------------------------------

--
-- Table structure for table `comment_lbl`
--

CREATE TABLE `comment_lbl` (
  `cmID` int(10) NOT NULL,
  `cmName` varchar(100) COLLATE utf8_unicode_ci NOT NULL,
  `pIMEI` int(10) NOT NULL,
  `cmDate` datetime NOT NULL DEFAULT CURRENT_TIMESTAMP,
  `cmContent` varchar(200) COLLATE utf8_unicode_ci NOT NULL,
  `cmStatus` tinyint(1) NOT NULL DEFAULT '1'
) ENGINE=InnoDB DEFAULT CHARSET=utf8 COLLATE=utf8_unicode_ci;

--
-- Dumping data for table `comment_lbl`
--

INSERT INTO `comment_lbl` (`cmID`, `cmName`, `pIMEI`, `cmDate`, `cmContent`, `cmStatus`) VALUES
(1, 'Phạm Đoàn', 27, '2016-05-18 13:47:23', 'Sản phẩm rất tốt', 1),
(2, 'Tran Van An', 27, '2016-06-06 07:27:25', 'Sản phẩm tốt', 1),
(3, 'Nguyen Thi Thuy', 1, '2016-06-06 21:53:20', 'sâsasas', 1),
(4, 'Phạm Nam', 9, '2016-06-06 22:09:19', 'đẹp\r\n', 1),
(5, '', 25, '2016-06-14 22:28:13', '', 1),
(6, 'doancaptain', 25, '2016-06-14 22:28:59', 'Dep', 1),
(7, 'Đoàn Phạm', 31, '2016-06-23 15:02:55', 'Sản phẩm rất đẹp', 1),
(8, 'Phạm Văn An', 31, '2016-06-23 15:04:26', 'Quá đẹp', 1),
(9, 'NguyenThuy', 31, '2016-06-23 15:05:23', 'Đẹp', 1),
(10, 'PhamDoan', 31, '2016-06-23 15:07:46', 'Xấu', 1),
(11, 'Son', 31, '2016-06-23 15:08:56', 'Tạm tạm', 1),
(12, 'Son', 31, '2016-06-23 15:09:31', 'Tạm tạm', 1);

-- --------------------------------------------------------

--
-- Table structure for table `customer`
--

CREATE TABLE `customer` (
  `cID` int(10) NOT NULL,
  `cName` varchar(50) COLLATE utf8_unicode_ci NOT NULL,
  `cPhone` varchar(11) COLLATE utf8_unicode_ci NOT NULL,
  `cAdd` varchar(50) COLLATE utf8_unicode_ci NOT NULL,
  `cMail` varchar(50) COLLATE utf8_unicode_ci NOT NULL,
  `cStk` int(11) NOT NULL
) ENGINE=InnoDB DEFAULT CHARSET=utf8 COLLATE=utf8_unicode_ci;

--
-- Dumping data for table `customer`
--

INSERT INTO `customer` (`cID`, `cName`, `cPhone`, `cAdd`, `cMail`, `cStk`) VALUES
(1, 'Dương Văn Sơn', '0188492849', 'Ninh Bình', 'Son@gmail.com', 0),
(4, 'a', '', 'Ninh Bình', '', 0),
(5, 'doan', '1213133131', 'Ninh Bình', 'doancaptain123@gmail.com', 0),
(6, 'Phạm Văn Nam', '01668718567', 'Ninh Bình', 'Nam@gmail.com', 0),
(7, 'Pham Van Huy', '012345678', 'Ninh Bình', 'Huy@gmail.com', 0),
(8, 'Pham Van Huy', '012345678', 'Ninh Bình', 'Huy@gmail.com', 0),
(9, 'Pham Van Huy', '012345678', 'Ninh Bình', 'Huy@gmail.com', 0),
(11, 'Đoàn Phạm', '123456', 'Nam Hùng', 'DoanCaptain@gmail.com', 1234567),
(12, 'Trần An', '012983298', 'Thanh Hóa', 'DoanCaptain@gmail.com', 1234567),
(13, 'Test', '', 'Nam Hùng', 'Thuy@gmail.com', 0),
(14, 'dsds', '', 'dsds', 'DoanCaptain@gmail.com', 0),
(15, 'dsds', '', 'dsds', 'DoanCaptain@gmail.com', 0),
(16, 'PhamDoan', '', '', 'Thuy@gmail.com', 0),
(17, 'dsds', '', '', 'Thuy@gmail.com', 0),
(18, 'PhamDoan', '', '', 'Thuy@gmail.com', 0),
(19, 'PhamDoan1', '', '', 'Thuy@gmail.com', 0),
(20, 'NguyenThuy2', '', '', 'Thuy@gmail.com', 0),
(21, 'Test2', '', '', 'test@gmail.com', 0),
(22, 'iphone5s', '', '', 'Thuy@gmail.com', 0),
(23, 'Test3', '', '', 'DoanCaptain@gmail.com', 0),
(24, 'Test4', '', '', 'DoanCaptain@gmail.com', 0),
(25, 'test6', '', '', 'DoanCaptain@gmail.com', 0),
(26, 'test6', '', '', 'DoanCaptain@gmail.com', 0),
(27, 'test7', '', '', 'DoanCaptain@gmail.com', 0),
(28, 'test8', '', '', 'DoanCaptain@gmail.com', 0),
(29, 'test9', '', '', 'test@gmail.com', 0),
(30, 'test10', '', '', 'Thuy@gmail.com', 0),
(31, 'test11', '', '', 'DoanCaptain@gmail.com', 0),
(32, 'test12', '', '', 'Thuy@gmail.com', 0),
(33, 'test13', '', '', 'DoanCaptain@gmail.com', 0),
(34, 'test13', '', '', 'DoanCaptain@gmail.com', 0);

-- --------------------------------------------------------

--
-- Table structure for table `khuyenmai_lbl`
--

CREATE TABLE `khuyenmai_lbl` (
  `kID` int(11) NOT NULL,
  `kTitle` text COLLATE utf8mb4_unicode_ci NOT NULL,
  `kContent` text COLLATE utf8mb4_unicode_ci NOT NULL,
  `kDateStart` date NOT NULL,
  `kDateEnd` date NOT NULL
) ENGINE=InnoDB DEFAULT CHARSET=utf8mb4 COLLATE=utf8mb4_unicode_ci;

--
-- Dumping data for table `khuyenmai_lbl`
--

INSERT INTO `khuyenmai_lbl` (`kID`, `kTitle`, `kContent`, `kDateStart`, `kDateEnd`) VALUES
(1, 'Khi Mua Các Sản Phẩm Điện Thoại SKY tại các trung tâm Điện Thoại quý khách được tặng gói quà tặng trị giá lên đến 2.000.000Đ bao gồm', '<p>– Gói bảo hành vàng trị giá 999.000Đ</p>\n<p>+ Đổi mới miễn phí trong 7 ngày</p>\n<p>+ Bảo hành sọc màn hình 1 tháng</p>\n<p>+ Bảo hành phần cứng 12 tháng</p>\n<p>+ Bảo hành phần mềm trọn đời</p>\n<p>– Tặng gậy tự sướng xinh xắn</p>\n<p>– Tặng kẹp đa năng cho khách hàng mua hàng tại các cửa hàng Điện thoại bền</p>\n<p>– Tặng ốp lưng thời trang cho các dòng máy sky a850, a860, a870, a910</p>\n<p>– Tặng ngay bộ &nbsp;Sạc, cáp, tai nghe zin trị giá 250.000Đ</p>\n<p>– Dán màn hình trọn đời trị giá 300.000Đ</p>\n<p>– Mua phụ kiện giá gốc</p>\n<p>– Chạy phần mềm miễn phí</p>', '2016-06-23', '2016-06-30'),
(2, 'Khi mua 2 máy điện thoại bất kỳ tại các trung tâm Điện Thoại Bền quý khách được tặng ngay 1 pin tích điện Xiaomi 10400mah trị giá 300.000Đ', '<img class=" size-full wp-image-4524 aligncenter" src="images/khuyenmai/cnd1418354913.jpg" alt="ngày vàng quà khủng" width="505" height="290" srcset="http://dienthoaiben.com/wp-content/uploads/2015/09/cnd1418354913.jpg 505w, http://dienthoaiben.com/wp-content/uploads/2015/09/cnd1418354913-300x172.jpg 300w" sizes="(max-width: 505px) 100vw, 505px"></p>', '2016-06-23', '2016-06-30');

-- --------------------------------------------------------

--
-- Table structure for table `order_detail_lbl`
--

CREATE TABLE `order_detail_lbl` (
  `pQuantity` int(12) NOT NULL DEFAULT '1',
  `pPrice1` int(20) NOT NULL,
  `oID_ct` int(11) NOT NULL,
  `oID` int(11) NOT NULL,
  `pIMEI` int(11) NOT NULL
) ENGINE=InnoDB DEFAULT CHARSET=utf8 COLLATE=utf8_unicode_ci;

--
-- Dumping data for table `order_detail_lbl`
--

INSERT INTO `order_detail_lbl` (`pQuantity`, `pPrice1`, `oID_ct`, `oID`, `pIMEI`) VALUES
(1, 1000000, 1, 1, 3),
(1, 0, 2, 1, 2),
(2, 15000000, 4, 3, 1),
(1, 5690000, 5, 3, 33),
(2, 15000000, 6, 4, 1),
(1, 5690000, 7, 4, 33),
(1, 15000000, 8, 5, 1),
(1, 15000000, 9, 6, 1),
(1, 15000000, 10, 7, 1),
(1, 15000000, 11, 10, 8),
(3, 12000000, 12, 10, 19),
(21, 2900000, 13, 10, 32),
(1, 15000000, 14, 11, 8),
(3, 12000000, 15, 11, 19),
(21, 2900000, 16, 11, 32),
(1, 15000000, 17, 12, 8),
(3, 12000000, 18, 12, 19),
(21, 2900000, 19, 12, 32),
(1, 15000000, 20, 13, 8),
(3, 12000000, 21, 13, 19),
(21, 2900000, 22, 13, 32),
(1, 15000000, 23, 14, 8),
(3, 12000000, 24, 14, 19),
(21, 2900000, 25, 14, 32),
(1, 15000000, 26, 15, 8),
(3, 12000000, 27, 15, 19),
(21, 2900000, 28, 15, 32),
(1, 15000000, 29, 16, 8),
(4, 12000000, 30, 16, 19),
(21, 2900000, 31, 16, 32),
(1, 15000000, 32, 17, 8),
(4, 12000000, 33, 17, 19),
(1, 15000000, 34, 17, 27),
(21, 2900000, 35, 17, 32),
(1, 15000000, 36, 18, 8),
(4, 12000000, 37, 18, 19),
(1, 15000000, 38, 18, 27),
(21, 2900000, 39, 18, 32),
(1, 15000000, 40, 19, 8),
(4, 12000000, 41, 19, 19),
(1, 15000000, 42, 19, 27),
(21, 2900000, 43, 19, 32),
(1, 15000000, 44, 20, 8),
(4, 12000000, 45, 20, 19),
(1, 15000000, 46, 20, 27),
(21, 2900000, 47, 20, 32),
(1, 15000000, 48, 21, 8),
(5, 12000000, 49, 21, 19),
(1, 15000000, 50, 21, 27),
(21, 2900000, 51, 21, 32),
(1, 15000000, 52, 24, 7),
(1, 15000000, 53, 24, 8),
(5, 12000000, 54, 24, 19),
(1, 15000000, 55, 24, 27),
(1, 15000, 56, 24, 28),
(1, 15000, 57, 24, 31),
(21, 2900000, 58, 24, 32),
(1, 15000000, 59, 29, 7),
(1, 15000000, 60, 29, 8),
(5, 12000000, 61, 29, 19),
(1, 15000000, 62, 29, 27),
(1, 15000, 63, 29, 28),
(1, 15000, 64, 29, 31),
(21, 2900000, 65, 29, 32),
(1, 15000000, 66, 30, 7),
(1, 15000000, 67, 30, 8),
(5, 12000000, 68, 30, 19),
(1, 15000000, 69, 30, 27),
(1, 15000, 70, 30, 28),
(1, 15000, 71, 30, 31),
(21, 2900000, 72, 30, 32),
(1, 15000000, 73, 32, 7),
(1, 15000000, 74, 32, 8),
(5, 12000000, 75, 32, 19),
(1, 15000000, 76, 32, 27),
(1, 15000, 77, 32, 28),
(1, 15000, 78, 32, 31),
(21, 2900000, 79, 32, 32);

-- --------------------------------------------------------

--
-- Table structure for table `order_lbl`
--

CREATE TABLE `order_lbl` (
  `oID` int(10) NOT NULL,
  `oPay` int(50) NOT NULL,
  `tID` int(10) NOT NULL,
  `oDate` datetime NOT NULL DEFAULT CURRENT_TIMESTAMP,
  `oRate` int(2) NOT NULL DEFAULT '1',
  `cID` int(20) NOT NULL,
  `cAdd` text COLLATE utf8_unicode_ci NOT NULL,
  `uID` int(10) NOT NULL
) ENGINE=InnoDB DEFAULT CHARSET=utf8 COLLATE=utf8_unicode_ci;

--
-- Dumping data for table `order_lbl`
--

INSERT INTO `order_lbl` (`oID`, `oPay`, `tID`, `oDate`, `oRate`, `cID`, `cAdd`, `uID`) VALUES
(1, 5000000, 1, '2016-05-30 01:20:30', 1, 1, '', 0),
(2, 5000000, 1, '2016-05-30 09:59:42', 1, 1, '', 0),
(3, 35690000, 1, '2016-06-12 23:47:12', 1, 5, 'nam thanh', 0),
(4, 35690000, 1, '2016-06-13 00:07:02', 1, 6, 'Ninh Bình', 0),
(5, 15000000, 1, '2016-06-14 20:05:37', 1, 7, 'Nam Dinh', 0),
(6, 15000000, 1, '2016-06-14 20:05:52', 1, 8, 'Nam Dinh', 0),
(7, 15000000, 1, '2016-06-14 20:11:37', 1, 9, 'Nam Dinh', 0),
(10, 111900000, 1, '2016-06-21 01:19:41', 1, 12, 'Thanh Hóa', 0),
(11, 111900000, 1, '2016-06-21 01:23:42', 1, 13, 'Nam Hùng', 0),
(12, 111900000, 1, '2016-06-21 01:27:34', 1, 14, 'dsds', 0),
(13, 111900000, 1, '2016-06-21 01:27:58', 1, 15, 'dsds', 0),
(14, 111900000, 1, '2016-06-21 01:28:47', 1, 16, '', 0),
(15, 111900000, 1, '2016-06-21 01:29:23', 1, 17, '', 0),
(16, 123900000, 1, '2016-06-21 01:31:24', 1, 18, '', 0),
(17, 138900000, 1, '2016-06-21 01:35:52', 1, 19, '', 0),
(18, 138900000, 1, '2016-06-21 01:38:04', 1, 20, '', 0),
(19, 138900000, 1, '2016-06-21 01:41:02', 1, 21, '', 0),
(20, 138900000, 1, '2016-06-21 01:54:17', 1, 22, '', 0),
(21, 150900000, 1, '2016-06-21 09:12:47', 1, 23, '', 0),
(22, 0, 1, '2016-06-22 09:49:58', 1, 0, '', 0),
(23, 0, 1, '2016-06-22 09:53:33', 1, 0, '', 0),
(24, 165930000, 1, '2016-06-22 09:53:33', 1, 26, '', 0),
(25, 0, 1, '2016-06-22 09:54:56', 1, 27, '', 0),
(26, 0, 1, '2016-06-22 09:57:01', 1, 28, '', 0),
(27, 0, 1, '2016-06-22 09:59:56', 1, 29, '', 0),
(28, 0, 1, '2016-06-22 10:00:55', 1, 30, '', 0),
(29, 165930000, 1, '2016-06-22 10:03:25', 1, 31, '', 0),
(30, 165930000, 1, '2016-06-22 10:04:14', 1, 32, '', 0),
(31, 0, 1, '2016-06-22 10:06:42', 1, 0, '', 0),
(32, 165930000, 2, '2016-06-22 10:06:43', 1, 34, '', 68);

-- --------------------------------------------------------

--
-- Table structure for table `phone_lbl`
--

CREATE TABLE `phone_lbl` (
  `pIMEI` int(10) NOT NULL,
  `pName` varchar(100) COLLATE utf8_unicode_ci NOT NULL,
  `pID` int(10) NOT NULL,
  `pPrice` int(20) NOT NULL,
  `pInfo` text COLLATE utf8_unicode_ci NOT NULL,
  `pCauhinh` text COLLATE utf8_unicode_ci NOT NULL,
  `pNumber` int(100) NOT NULL,
  `pImage` text COLLATE utf8_unicode_ci NOT NULL,
  `pView` int(11) NOT NULL,
  `pStatus1` int(50) NOT NULL DEFAULT '1',
  `pKhuyenMai` text COLLATE utf8_unicode_ci NOT NULL,
  `pRate` int(11) NOT NULL
) ENGINE=InnoDB DEFAULT CHARSET=utf8 COLLATE=utf8_unicode_ci;

--
-- Dumping data for table `phone_lbl`
--

INSERT INTO `phone_lbl` (`pIMEI`, `pName`, `pID`, `pPrice`, `pInfo`, `pCauhinh`, `pNumber`, `pImage`, `pView`, `pStatus1`, `pKhuyenMai`, `pRate`) VALUES
(1, 'Iphone4', 1, 15000000, '<span style="font-size: larger;">Đây là dòng sản phẩm được nhiều người  tìm mua máy cũ nhất vì giá cả của nó vừa phải, còn tính năng và kiểu  dáng không thua kém gì với phiên bản mới nhất của iphone hiện nay, hơn  nưa đây là dòng sản phẩm có tính ổn định cao của apple </span><br>\n<span style="font-size: larger;"><span style="font-size: larger;"><a href="http://iphone-cu.com/iphone-4-cu.html"><img width="250" vspace="3" hspace="3" height="164" align="right" alt="" src="./images/iphone-4-cu.jpg"></a></span> <br>\nChúng tôi chuyên cung cấp các loại iphone 4 cũ đã được kiểm tra kỹ lưỡng  đảm bảo còn mới từ 98-99%, chưa sửa chữa thay thế linh kiện. những loại  iphone 4 cũ này đa phần là hàng xách tay từ nước ngoài về nên các bạn  hoàn toàn yên tâm về chất lượng <br>\n<br>\nChúng tôi cung cấp <a href="http://iphone-cu.com/iphone-4-cu.html">iphone 4 </a>các loại 16Gb, 32Gb với hai màu Đen và  trắng, với các phiên bản quốc tế, hoặc bản unlock dùng thoải mái<br>\n<br>\n</span><span style="font-size: larger;"><span style="font-size: larger;"><br>\n</span> </span>\n<div><span style="font-size: larger;"> 	<strong>iPhone 4</strong>&nbsp;  được  thiết kế nguyên khối (unibody) với lớp khung kim loại bao quanh  đồng  thời cũng là Ăngten, kích thước rất mỏng chỉ 9.3mm, mặt trước và  sau  đều được phủ bởi 2 lớp kính chống xước với chất liệu phủ đặc biệt  không  để lại dấu vân tay. Màn hình Retina (Võng mạc) công nghệ mới của  Apple  3.5-inch độ phân giải cao lên đến 640 x 960 pixel (326 pixel per  inch)  độ tương phản 800:1 IPS. Chíp xử lý giống như ở iPad là A4 tốc độ   1GHz. Máy hỗ trợ 2 camera trước và sau cho phép thực hiện Video Call   (FaceTime). Với Camera phía mặt sau (hỗ trợ đèn LED) cho phép quay phim   HD ở 720P ; 30 hình 1 giây , chụp ảnh 5 Megapixels. Còn ở Camera phía   trước chỉ ở mức VGA đối với chụp và quay phim, mức khung hình vẫn ở 30   hình/ giây. &nbsp;</span></div>\n<h2>&nbsp;</h2>\n<span style="font-size: larger;"> <br>', '<h2><span style="font-size: larger;"><br> </span><strong>Thông số kỹ thuật của điện thoại iphone 4</strong></h2> <br> <div id="phone_specificatons"> <div> <div id="block_attr_56" class="s_specs_box s_box_4"> <h3 class="htitle">Thiết kế</h3> <ul>     <li class="s_lv_1"><strong class=" s_lv_1 ">Kiểu thiết bị:</strong>     <ul class=" s_lv_1 ">         <li>Smart phone</li>     </ul>     </li>     <li class="s_lv_1"><strong class=" s_lv_1 ">Hệ điều hành:</strong>     <ul class=" s_lv_1 ">         <li>iOS (6, 5.1, 5, 4.x)</li>     </ul>     </li>     <li class="s_lv_1"><strong class=" s_lv_1 ">Kích thước:</strong>     <ul class=" s_lv_1 ">         <li>4.50 x 2.31 x 0.37 inches  (114.3 x 58.6 x 9.3 mm)</li>     </ul>     </li>     <li class="s_lv_1"><strong class=" s_lv_1 ">Trọng lượng:</strong>     <ul class=" s_lv_1 ">         <li>4.83 oz  (137 g)the average is 4.1 oz (117 g)</li>     </ul>     </li> </ul> </div> </div> </div> <div id="phone_specificatons"> <div> <div id="block_attr_56" class="s_specs_box s_box_4"> <h3 class="htitle">Màn hình hiển thị</h3> <ul>     <li class="s_lv_1"><strong class=" s_lv_1 ">Kích thước vật lý:</strong>     <ul class=" s_lv_1 ">         <li>3.50 inches</li>     </ul>     </li>     <li class="s_lv_1"><strong class=" s_lv_1 ">Độ phân giải:</strong>     <ul class=" s_lv_1 ">         <li>640 x  960 pixels</li>     </ul>     </li>     <li class="s_lv_1"><strong class=" s_lv_1 ">Mật độ điểm ảnh:</strong>     <ul class=" s_lv_1 ">         <li>330 ppi</li>     </ul>     </li>     <li class="s_lv_1"><strong class=" s_lv_1 ">Công nghệ:</strong>     <ul class=" s_lv_1 ">         <li>IPS LCD</li>     </ul>     </li>     <li class="s_lv_1"><strong class=" s_lv_1 ">Màu sắc:</strong>     <ul class=" s_lv_1 ">         <li>16 777 216</li>     </ul>     </li>     <li class="s_lv_1"><strong class=" s_lv_1 ">Màn hình cảm ứng:</strong>     <ul class=" s_lv_1 ">         <li>Capacitive, Multi-touch</li>     </ul>     </li>     <li class="s_lv_1"><strong class=" s_lv_1 ">Các tính năng:</strong>     <ul class=" s_lv_1 ">         <li>Light sensor, Proximity sensor</li>     </ul>     </li> </ul> </div> </div> </div> <div id="phone_specificatons"> <div> <div id="block_attr_56" class="s_specs_box s_box_4"> <h3 class="htitle">Phần cứng</h3> <ul>     <li class="s_lv_1"><strong class=" s_lv_1 ">Chip hệ thống:</strong>     <ul class=" s_lv_1 ">         <li>Apple A4</li>     </ul>     </li>     <li class="s_lv_1"><strong class=" s_lv_1 ">Bộ xử lý:</strong>     <ul class=" s_lv_1 ">         <li>Single core, 1000 MHz, ARM Cortex-A8</li>     </ul>     </li>     <li class="s_lv_1"><strong class=" s_lv_1 ">Xử lý đồ họa:</strong>     <ul class=" s_lv_1 ">         <li>PowerVR SGX535</li>     </ul>     </li>     <li class="s_lv_1"><strong class=" s_lv_1 ">Bộ nhớ hệ thống:</strong>     <ul class=" s_lv_1 ">         <li>512 MB RAM</li>     </ul>     </li>     <li class="s_lv_1"><strong class=" s_lv_1 ">Bộ nhớ tối đa:</strong>     <ul class=" s_lv_1 ">         <li>16 GB</li>     </ul>     </li> </ul> </div> </div>', 1499, '04.jpg', 511, 1, '<p>Tặng Gói Bảo Hành Vàng trị giá 500.000đ<br>Tặng kèm bộ sạc, cáp, tai nghe trị giá 550.000đ<br>Tặng kèm dán màn hình miễn phí 06 tháng trị giá 100.000đ<br>Tặng kèm bút cảm ứng thời trang giá 50.000đ<br>Ưu đãi cường lực giá chỉ 80.000đ<br>Ưu đãi Ốp lưng dẻo sillicon giá chỉ 50.000đ<br>Ưu đãi Ốp lưng cứng Nilkin giá chỉ 140.000đ<br>Ưu đãi Bao da chỉ còn 200.000đ<br>Ưu đãi pin dự phòng Xiaomi 10.000mAh chính hãng chỉ 390.000đ<br>Giảm thêm 100.000đ với Khách hàng thân thiết</p>', 0),
(2, 'Galaxy s6', 2, 1000000, '<p align="center">Cấu hình</p>', '', 15, 'galaxys6.jpg', 18, 1, '<p>Tặng Gói Bảo Hành Vàng trị giá 500.000đ<br>Tặng kèm bộ sạc, cáp, tai nghe trị giá 550.000đ<br>Tặng kèm dán màn hình miễn phí 06 tháng trị giá 100.000đ<br>Tặng kèm bút cảm ứng thời trang giá 50.000đ<br>Ưu đãi cường lực giá chỉ 80.000đ<br>Ưu đãi Ốp lưng dẻo sillicon giá chỉ 50.000đ<br>Ưu đãi Ốp lưng cứng Nilkin giá chỉ 140.000đ<br>Ưu đãi Bao da chỉ còn 200.000đ<br>Ưu đãi pin dự phòng Xiaomi 10.000mAh chính hãng chỉ 390.000đ<br>Giảm thêm 100.000đ với Khách hàng thân thiết</p>', 0),
(3, 'Sky A830K', 2, 2700000, '', '', 10, 'sky830k.jpg', 1209, 1, '<p>Tặng Gói Bảo Hành Vàng trị giá 500.000đ<br>Tặng kèm bộ sạc, cáp, tai nghe trị giá 550.000đ<br>Tặng kèm dán màn hình miễn phí 06 tháng trị giá 100.000đ<br>Tặng kèm bút cảm ứng thời trang giá 50.000đ<br>Ưu đãi cường lực giá chỉ 80.000đ<br>Ưu đãi Ốp lưng dẻo sillicon giá chỉ 50.000đ<br>Ưu đãi Ốp lưng cứng Nilkin giá chỉ 140.000đ<br>Ưu đãi Bao da chỉ còn 200.000đ<br>Ưu đãi pin dự phòng Xiaomi 10.000mAh chính hãng chỉ 390.000đ<br>Giảm thêm 100.000đ với Khách hàng thân thiết</p>', 0),
(6, 'Sky A890', 3, 0, '', '', 1500, 'sky830k.jpg', 510, 1, '<p>Tặng Gói Bảo Hành Vàng trị giá 500.000đ<br>Tặng kèm bộ sạc, cáp, tai nghe trị giá 550.000đ<br>Tặng kèm dán màn hình miễn phí 06 tháng trị giá 100.000đ<br>Tặng kèm bút cảm ứng thời trang giá 50.000đ<br>Ưu đãi cường lực giá chỉ 80.000đ<br>Ưu đãi Ốp lưng dẻo sillicon giá chỉ 50.000đ<br>Ưu đãi Ốp lưng cứng Nilkin giá chỉ 140.000đ<br>Ưu đãi Bao da chỉ còn 200.000đ<br>Ưu đãi pin dự phòng Xiaomi 10.000mAh chính hãng chỉ 390.000đ<br>Giảm thêm 100.000đ với Khách hàng thân thiết</p>', 0),
(7, 'Galaxy s3', 2, 15000000, '12134141', '', 196, 'galaxys6.jpg', 2, 1, '<p>Tặng Gói Bảo Hành Vàng trị giá 500.000đ<br>Tặng kèm bộ sạc, cáp, tai nghe trị giá 550.000đ<br>Tặng kèm dán màn hình miễn phí 06 tháng trị giá 100.000đ<br>Tặng kèm bút cảm ứng thời trang giá 50.000đ<br>Ưu đãi cường lực giá chỉ 80.000đ<br>Ưu đãi Ốp lưng dẻo sillicon giá chỉ 50.000đ<br>Ưu đãi Ốp lưng cứng Nilkin giá chỉ 140.000đ<br>Ưu đãi Bao da chỉ còn 200.000đ<br>Ưu đãi pin dự phòng Xiaomi 10.000mAh chính hãng chỉ 390.000đ<br>Giảm thêm 100.000đ với Khách hàng thân thiết</p>', 0),
(8, 'IPhone5s', 1, 15000000, 'Sản phẩm ngon', 'dsdsdsds', 1496, 'galaxys6.jpg', 211, 0, '<p>Tặng Gói Bảo Hành Vàng trị giá 500.000đ<br>Tặng kèm bộ sạc, cáp, tai nghe trị giá 550.000đ<br>Tặng kèm dán màn hình miễn phí 06 tháng trị giá 100.000đ<br>Tặng kèm bút cảm ứng thời trang giá 50.000đ<br>Ưu đãi cường lực giá chỉ 80.000đ<br>Ưu đãi Ốp lưng dẻo sillicon giá chỉ 50.000đ<br>Ưu đãi Ốp lưng cứng Nilkin giá chỉ 140.000đ<br>Ưu đãi Bao da chỉ còn 200.000đ<br>Ưu đãi pin dự phòng Xiaomi 10.000mAh chính hãng chỉ 390.000đ<br>Giảm thêm 100.000đ với Khách hàng thân thiết</p>', 0),
(9, 'Iphone6s', 1, 16000000, '', '', 1500, '06.jpg', 16, 1, '<p>Tặng Gói Bảo Hành Vàng trị giá 500.000đ<br>Tặng kèm bộ sạc, cáp, tai nghe trị giá 550.000đ<br>Tặng kèm dán màn hình miễn phí 06 tháng trị giá 100.000đ<br>Tặng kèm bút cảm ứng thời trang giá 50.000đ<br>Ưu đãi cường lực giá chỉ 80.000đ<br>Ưu đãi Ốp lưng dẻo sillicon giá chỉ 50.000đ<br>Ưu đãi Ốp lưng cứng Nilkin giá chỉ 140.000đ<br>Ưu đãi Bao da chỉ còn 200.000đ<br>Ưu đãi pin dự phòng Xiaomi 10.000mAh chính hãng chỉ 390.000đ<br>Giảm thêm 100.000đ với Khách hàng thân thiết</p>', 0),
(16, 'SamSung galaxy S7 64G', 2, 15000000, '', '', 150, 'samsung-galaxys7.png', 4, 0, '<p>Tặng Gói Bảo Hành Vàng trị giá 500.000đ<br>Tặng kèm bộ sạc, cáp, tai nghe trị giá 550.000đ<br>Tặng kèm dán màn hình miễn phí 06 tháng trị giá 100.000đ<br>Tặng kèm bút cảm ứng thời trang giá 50.000đ<br>Ưu đãi cường lực giá chỉ 80.000đ<br>Ưu đãi Ốp lưng dẻo sillicon giá chỉ 50.000đ<br>Ưu đãi Ốp lưng cứng Nilkin giá chỉ 140.000đ<br>Ưu đãi Bao da chỉ còn 200.000đ<br>Ưu đãi pin dự phòng Xiaomi 10.000mAh chính hãng chỉ 390.000đ<br>Giảm thêm 100.000đ với Khách hàng thân thiết</p>', 3),
(17, 'Iphone7s', 1, 12000000, 'Là một sản phẩm mới ra mắt từ Apple', 'fgfg', 1500, '05.jpg', 0, 1, '<p>Tặng Gói Bảo Hành Vàng trị giá 500.000đ<br>Tặng kèm bộ sạc, cáp, tai nghe trị giá 550.000đ<br>Tặng kèm dán màn hình miễn phí 06 tháng trị giá 100.000đ<br>Tặng kèm bút cảm ứng thời trang giá 50.000đ<br>Ưu đãi cường lực giá chỉ 80.000đ<br>Ưu đãi Ốp lưng dẻo sillicon giá chỉ 50.000đ<br>Ưu đãi Ốp lưng cứng Nilkin giá chỉ 140.000đ<br>Ưu đãi Bao da chỉ còn 200.000đ<br>Ưu đãi pin dự phòng Xiaomi 10.000mAh chính hãng chỉ 390.000đ<br>Giảm thêm 100.000đ với Khách hàng thân thiết</p>', 0),
(18, 'iPhone 5 - 32G Qsd', 1, 3490000, '', '', 0, '273_dien_thoai_iphone_5.jpg', 0, 0, '<p>Tặng Gói Bảo Hành Vàng trị giá 500.000đ<br>Tặng kèm bộ sạc, cáp, tai nghe trị giá 550.000đ<br>Tặng kèm dán màn hình miễn phí 06 tháng trị giá 100.000đ<br>Tặng kèm bút cảm ứng thời trang giá 50.000đ<br>Ưu đãi cường lực giá chỉ 80.000đ<br>Ưu đãi Ốp lưng dẻo sillicon giá chỉ 50.000đ<br>Ưu đãi Ốp lưng cứng Nilkin giá chỉ 140.000đ<br>Ưu đãi Bao da chỉ còn 200.000đ<br>Ưu đãi pin dự phòng Xiaomi 10.000mAh chính hãng chỉ 390.000đ<br>Giảm thêm 100.000đ với Khách hàng thân thiết</p>', 0),
(19, 'GalaxyS6-Gold', 2, 12000000, '', '', 1180, 'galxys5.jpg', 15, 1, '<p>Tặng Gói Bảo Hành Vàng trị giá 500.000đ<br>Tặng kèm bộ sạc, cáp, tai nghe trị giá 550.000đ<br>Tặng kèm dán màn hình miễn phí 06 tháng trị giá 100.000đ<br>Tặng kèm bút cảm ứng thời trang giá 50.000đ<br>Ưu đãi cường lực giá chỉ 80.000đ<br>Ưu đãi Ốp lưng dẻo sillicon giá chỉ 50.000đ<br>Ưu đãi Ốp lưng cứng Nilkin giá chỉ 140.000đ<br>Ưu đãi Bao da chỉ còn 200.000đ<br>Ưu đãi pin dự phòng Xiaomi 10.000mAh chính hãng chỉ 390.000đ<br>Giảm thêm 100.000đ với Khách hàng thân thiết</p>', 0),
(20, 'IPhone4S-16G QLD', 1, 1990000, '', '', 10, 'dien_thoai_iphone_4s.jpg', 5, 1, '<p>Tặng Gói Bảo Hành Vàng trị giá 500.000đ<br>Tặng kèm bộ sạc, cáp, tai nghe trị giá 550.000đ<br>Tặng kèm dán màn hình miễn phí 06 tháng trị giá 100.000đ<br>Tặng kèm bút cảm ứng thời trang giá 50.000đ<br>Ưu đãi cường lực giá chỉ 80.000đ<br>Ưu đãi Ốp lưng dẻo sillicon giá chỉ 50.000đ<br>Ưu đãi Ốp lưng cứng Nilkin giá chỉ 140.000đ<br>Ưu đãi Bao da chỉ còn 200.000đ<br>Ưu đãi pin dự phòng Xiaomi 10.000mAh chính hãng chỉ 390.000đ<br>Giảm thêm 100.000đ với Khách hàng thân thiết</p>', 0),
(21, 'XPERIA-X', 18, 6990000, '', '', 10, 'xperia-x.png', 12, 1, '<p>Tặng Gói Bảo Hành Vàng trị giá 500.000đ<br>Tặng kèm bộ sạc, cáp, tai nghe trị giá 550.000đ<br>Tặng kèm dán màn hình miễn phí 06 tháng trị giá 100.000đ<br>Tặng kèm bút cảm ứng thời trang giá 50.000đ<br>Ưu đãi cường lực giá chỉ 80.000đ<br>Ưu đãi Ốp lưng dẻo sillicon giá chỉ 50.000đ<br>Ưu đãi Ốp lưng cứng Nilkin giá chỉ 140.000đ<br>Ưu đãi Bao da chỉ còn 200.000đ<br>Ưu đãi pin dự phòng Xiaomi 10.000mAh chính hãng chỉ 390.000đ<br>Giảm thêm 100.000đ với Khách hàng thân thiết</p>', 0),
(25, 'IPhone7', 1, 15000000, '', '', 40, '04.jpg', 10, 1, '<p>Tặng Gói Bảo Hành Vàng trị giá 500.000đ<br>Tặng kèm bộ sạc, cáp, tai nghe trị giá 550.000đ<br>Tặng kèm dán màn hình miễn phí 06 tháng trị giá 100.000đ<br>Tặng kèm bút cảm ứng thời trang giá 50.000đ<br>Ưu đãi cường lực giá chỉ 80.000đ<br>Ưu đãi Ốp lưng dẻo sillicon giá chỉ 50.000đ<br>Ưu đãi Ốp lưng cứng Nilkin giá chỉ 140.000đ<br>Ưu đãi Bao da chỉ còn 200.000đ<br>Ưu đãi pin dự phòng Xiaomi 10.000mAh chính hãng chỉ 390.000đ<br>Giảm thêm 100.000đ với Khách hàng thân thiết</p>', 0),
(27, 'SamSung S2', 2, 15000000, 'Là con át chủ bài giúp Samsung thành công trên thị trường di động hiện  nay, Samsung Galaxy SIII thật ấn tượng với nhiều tính năng mạnh mẽ cùng  các tiện ích thông minh tích hợp vi xử lý 4 nhân và màn hình Super  AMOLED 4.8 inch rực rỡ. Samsung Galaxy S3 có  thiết kế hoàn toàn khác biệt với  những smartphone trước đây của  Samsung, máy trông mềm mại với những  đường cong nhẹ nhàng và thanh  thoát. Samsung lấy ý tưởng và cảm hứng về thiết kế của Samsung Galaxy  S3 dựa  vào những đường cong trong tự nhiên: đường cong của ánh sáng,  đường  cong của đá cuội…và nhắm đến sự thuận tiện cho người dùng nên khi  cầm  máy trên tay có cảm giác rất thoải mái và dễ chịu. <br> <p>  <strong><br> </strong></p> <h2><strong>ưu điểm của Samsung galaxy S3</strong></h2> <p> </p> <ul>     <li>Kiểu dáng sang trọng, giao diện ấn tượng</li>     <li>Nhiều tính năng đột phá như cảm biến hồng ngoại Smart Stay - Thức ngủ cùng bạn</li>     <li>Chụp liên tục 8 bức ảnh và tự chọn hình đẹp nhất</li>     <li>Thao tác màn hình cảm ứng rất mượt mà</li>     <li>Vừa xem phim vừa chat với tính năng Pop up play</li> </ul> <p> </p> <h2><strong>Nhược điểm của Samsung galaxy S3</strong></h2> <p> </p> <ul>     <li>Mặc dù pin là loại 2.100 mAh song do màn hình lớn và chip lõi tứ nên khả năng tiêu hao sẽ không hề nhỏ</li> </ul> <p> </p> <h2><strong>Các tính năng nổi bật của Samsung galaxy S3</strong></h2> <p><br> <br> <b>Thiết kế và màn hình</b></p> <p>  	Máy không có lớp vỏ  gốm bóng bẩy hay lớp kính sang trọng bao bên  ngoài, phần nắp lưng được  chế tạo từ chất liệu nhựa Polycarbonate có  khả năng hạn chế trầy xước và  bền hơn nhựa thông thường đến 300 lần  cùng lớp phủ hyperglaze tạo nên  vẻ ngoài bóng bẩy, sang trọng cho máy.</p> <p><strong>Samsung Galaxy S3</strong> là một trong những mẫu điện thoại  có  chất liệu vỏ nhựa đẹp nhất trên thị trường với sự lựa chọn đa dạng  về  màu sắc vỏ máy: trắng cẩm thạch, xanh đá, đỏ thạch lựu, xám hổ  phách,  đen sa-phia. Thiết bị mỏng 8.6 mm và nặng chỉ 133g.  duylongmobile.com</p> <p>Máy được trang bị màn hình Super AMOLED HD 720 x 1280 pixels  rộng  4.8  inch được bao phủ bởi lớp kính cường lực Gorilla Glass 2 cho chất  lượng  hiển thị hình ảnh mịn màng, rực rỡ và sắc nét. Nhờ vào độ phân  giải màn  hình cao nên mật độ điểm ảnh trên mỗi inch của màn hình Galaxy  SIII lên  đến 306 điểm ảnh trên mỗi inch,chính mật độ điểm ảnh cao này  đã khắc  phục được nhược điểm rỗ hình trên màn hình Super AMOLED. Màn  hình của  máy cũng ít bị ám xanh hơn so với màn hình Galaxy S và SII.  Cùng với màn  hình Retina và màn hình Super Clear LCD, màn hình Super  AMOLED HD là  một trong những công nghệ màn hình xuất sắc nhất trên các  thiết bị di  động hiện nay.</p> <p><b>Giao diện và tính năng</b></p> <p align="center"><img height="385" width="500" alt="giao dien samsung galaxy s3" src="./images/14088472663.jpg"></p> <p><strong>S3</strong> sử dụng giao diện TouchWiz Nature với các icon  được  trau chuốt trông hiện đại và đẹp mắt hơn so với các phiên bản  TouchWiz  trước. Giao diện hệ điều hành Android 4.0 trông rất tuyệt khi  kết hợp  cùng giao diện TochWiz 5 và được thể hiện lại trên màn hình của  Galaxy  SIII.</p> <p align="center"><img height="349" width="600" alt="samsung galaxy s3 touchwiz" src="./images/1408847277.jpeg"></p> <p>Giao diện mở khóa của máy cũng có nhiều cải tiến trông rất sinh động   với hình ảnh một bông hoa bồ công anh ẩn dưới mặt nước tĩnh lặng, khi   bạn chạm tay vào màn hình sẽ có những gợn nước lăn tăn tạo cảm giác gần   gũi và thân thuộc với thiên nhiên.</p> <p><strong>Samsung Galaxy S3</strong> được cài Hệ điều hành Android 4.0   Ice Cream Sandwich có thể nâng cấp lên Android  4.1 Jelly Bean. Nhờ bộ   vi xử lý lõi tứ mạnh mẽ nên máy có thể chạy mượt mà phiên bản Hệ điều   hành Android mới nhất này. Bạn có thể tải về hàng trăm ngàn ứng dụng hữu   ích từ kho ứng dụng trực tuyến Google Play cũng như nhiều ứng dụng  trên  kho ứng dụng Samsung Apps.</p> <p><b>Camera và hình ảnh</b></p> <p>Máy<b> </b>được trang bị camera 8 megapixel tự động lấy nét, đèn  flash  trợ sáng cùng khả năng bắt hình cực nhanh. Bạn có thể khởi động  nhanh  camera của Galaxy S3 trên màn hình khóa bằng cách vuốt khóa mở  màn hình  và xoay ngang máy.</p> <p style="text-align: center;"><img height="467" width="600" alt="camera samsung galaxy s3" src="./images/14088472873.jpg"></p> <p><strong>Camera </strong>của <strong>S3</strong> lấy nét tức thời sau   khi chạm tay vào nút chụp hình nên bạn khó có thể bỏ lỡ khoảnh khắc nào   trong cuộc sống khi cầm trên tay. Camera còn cho phép bạn chụp 20 tấm   hình liên tiếp (với tốc độ chụp 3.3 hình mỗi giây) và chọn ra cho bạn   tấm hình đẹp nhất.</p> <p>So với <strong>Galaxy S2</strong> thì camera của <strong>Samsung Galaxy S3</strong> không tăng lên về số “chấm” nhưng chất lượng ảnh chụp từ <strong>Galaxy SIII </strong>cũng   như những tính năng tiện ích thì Galaxy SIII làm tốt hơn người tiền   nhiệm của mình rất nhiều. Galaxy SIII là một trong những smartphone chụp   hình nhanh và đẹp nhất trên thị trường hiện nay.</p> <p>Máy ảnh của<strong> S3</strong> có khả năng ghi lại những đoạn phim<strong> full HD 1080p </strong>với độ ổn định khung hình cao ở 30 khung hình/giây.</p> <p>Mặt trước máy là camera phụ độ phân giải 1.9 megapixel quay video HD nên <strong>Samsung Galaxy S3</strong> là   một thiết bị lý tưởng để thực hiện các cuộc gọi video,những người thân   của bạn sẽ có cảm giác bạn đang ở bên cạnh họ bởi chất lượng video độ   nét cao được ghi lại từ camera phụ của máy.</p> <p><b>Internet và kết nối</b></p> <p align="center"><img height="400" width="600" alt="samsung galaxy s3 internet" src="./images/1408847300t.jpg"></p> <p>Trình duyệt web trên <strong>Samsung Galaxy S3</strong>là trình duyệt   web mặc định của Hệ điều hành Android cho tốc độ duyệt web nhanh và ổn   định, các thao tác cuộn trang, phóng to, thu nhỏ trên trang web mượt  mà.  Trình duyệt web trên Galaxy SIII hỗ trợ full flash giúp hiển thị  nội  dung flash trên các trang web.</p> <p>Máy được trang bị đầy đủ các kết nối không dây mạnh mẽ: GPRS, EDGE và   kết nối 3G HSPA+ với tốc độ tải xuống lên đến 21Mbps, tốc độ tải lên  là  5.76 Mbps cùng trang bị kết nối mạng không dây wifi 4 chuẩn 802.11   a/b/g/n cho khả năng bắt sóng wifi nhanh và mạnh. Ngoài ra chiếc điện   thoại này cũng trang bị kết nối không dây bluetooth v4.0 cho khả năng   truyền tải dữ liệu nhanh chóng. Tính năng wifi hotspot cho phép người   dùng biến Galaxy SIII thành một thiết bị phát wifi từ sóng 3G để chia sẻ   với các thiết bị bắt wifi: laptop, máy tính bảng, điện thoại di   đông.... Hỗ trợ tính năng USB on-the-go khi kết hợp cùng cáp USB   on-the-go cho phép Galaxy SIII kết nối với các thiết bị kết nối qua cổng   USB như  USB, đầu đọc thẻ, chuột, bàn phím, tay cầm chơi game...</p> <p><strong>Samsung Galaxy S3</strong> hỗ trợ tính năng định vị toàn cầu   GPS và GLONASS  cùng với bản đồ Google Map được cài sẵn định vị chính   xác vị trí của bạn chỉ vài giây sau khi khởi động bản đồ. Máy cũng được   trang bị giao tiếp trường gần NFC đang dần trở nên phổ biến trên   smartphone với nhiều tiện ích về truyền tải dữ liệu nhanh chóng hay   thanh toán hóa đơn mua sắm…</p> <p><b>Tính năng Giải trí</b></p> <p>Màn hình Super AMOLED HD hiển thị hình ảnh sống động, màu sắc đẹp rực   rỡ, thể hiện màu đen rất sâu cùng khả năng giải mã được nhiều chuẩn   video: MP4/DivX/XviD/WMV/H.264/H.263 cộng thêm với màn hình rộng 4.8   inch độ phân giải chuẩn HD, <strong>Samsung Galaxy S3</strong>I là một   thiết bị di động coi phim lý tưởng mang đến cho bạn những trải nghiệm   xem Video HD tuyệt vời  trên màn hình đẹp rực rỡ của máy.</p> <p>Trang bị bộ vi xử lí lõi tứ 1.4 GHz Cortex-A9 cùng hệ thống trên chip   Exynos 4412 nổi tiếng của Samsung và nhân đồ họa Mali-400MP mạnh mẽ,   Galaxy SIII chạy tốt các Game đồ họa nặng: Asphalt-6, Dungeon Hunter,   Shrek Kart<sup>TM</sup>HD...</p> <p><b>Phần mềm hướng đến trải nghiệm người dùng</b></p> <p><strong>S3</strong> ra đời nhằm mang lại trải nghiệm tốt nhất cho  người  dùng từ giao diện thiên nhiên của máy cho đến những phần mềm tiện  ích  kèm theo. Những phần mềm tiện ích trên S3 được phát triển dành  riêng cho  máy mà không xuất hiện trên bất kì một smarphone nào khác.</p> <p><strong>Smart Stay</strong>: tính năng sử dụng camera phụ của máy  theo  dõi trạng thái mắt người dùng. Khi bạn đang đọc sách điện tử,  duyệt  web…màn hình máy sẽ sáng liên tục cho đến khi bạn nhắm mắt và  chìm vào  giấc ngủ thì Galaxy SIII cũng sẽ tự động tắt màn hình và đi  vào giấc ngủ  cùng bạn.</p> <p style="text-align: center;"><img height="354" width="600" alt="" src="./images/1408847312y.jpg"></p> <p><strong>Direct Call:</strong> khi một tin nhắn đang đến, bạn mở tin   nhắn ra đọc và soạn thảo tin nhắn trả lời rồi chợt muốn gọi điện đến   người mà bạn đang nhắn tin cùng. Thay vì phải đi qua nhiều thao tác vào   danh bạ, lục tìm danh bạ của người đó rồi nhấn gọi thì bạn chỉ cần áp   máy lên tai, <strong>Galaxy SIII</strong> sẽ tự động quay số đến người mà bạn đang cần gọi.</p> <p style="text-align: justify;"><strong>S Beam:</strong> tính năng sử  dụng giao tiếp trường gần NFC và Wifi Direct để truyền dữ liệu giữa 2  máy Galaxy SIII với nhau. Bạn chỉ cần áp lưng 2 chiếc Galaxy SIII vào  nhau và chạm vào tập tin mà mình muốn chia sẻ, dữ liệu sẽ nhanh chóng  được truyền đi.</p> <p align="center"><img height="433" width="600" alt="S Beam" src="./images/1408847322m.jpg"></p> <p><strong>S Voice:</strong> tính năng điều khiển bằng giọng nói giúp  bạn  nhanh chóng đánh thức máy bằng câu lệnh: “Hi Galaxy”  cũng như thực  hiện  các tác vụ: yêu cầu bài hát, gửi email, tin nhắn, tăng giảm âm  lượng,  khởi động camera…thông qua giọng nói mà không cần thao tác trực  tiếp  trên màn hình.</p> <p align="center"><img height="363" width="580" alt="S Voice" src="./images/1408847332e.jpg"></p> <p><strong>Pop Up Play:</strong> tính năng cho phép bạn chia màn hình <strong>Samsung Galaxy S3</strong> ra làm 2 phần để vừa có thể xem video vừa lướt web, nhắn tin, chơi game… rất tiện dụng.</p> <p align="center"><img height="410" width="500" alt="Pop Up Play" src="./images/1408847349y.jpg"></p> <p><b>Pin và bộ nhớ</b></p> <p><strong>Samsung Galaxy SIII</strong> được trang bị viên pin dung  lượng  khủng  2100 mAh cho thời gian đàm thoại lên đến 21 giờ 40 phút  trên mạng  2G và 11h 40 phút trên mạng 3G. Dù là một smartphone lõi tứ  nhưng với  nguồn pin dung lượng cao Galaxy SIII cho thời gian sử dụng  khá lâu,<strong> S3</strong>  hoàn toàn có thể cùng bạn vượt qua một  ngày bận rộn với nhiều hoạt động  trên máy: nghe gọi, nhắn tin, chụp  hình quay phim full HD, lướt web  trên nền mạng 3G, chơi Game đồ họa  nặng, xem video HD…với tần suất cao  cho đến cuối ngày mới cần phải cắm  sạc. Sử dụng viên pin có thể tháo rời  nên bạn có thể trang bị cho máy  một viên pin dự phòng và có thể thay  thế vào bất kì thời điểm nào khi  máy hết pin mà bạn không mang theo sạc  bên mình.</p>         ', '<h2><strong>  Thông số kỹ thuật của Samsung galaxy S3</strong></h2> <table cellspacing="0" cellpadding="0" border="0">     <tbody>         <tr>             <td valign="top" rowspan="14">             <div>Chức năng cơ bản</div>             </td>             <td id="prop_27">Máy ảnh chính</td>             <td id="c27_1">8.0 MP (3264x2448 pixels)</td>         </tr>         <tr>             <td>             <div id="prop_29">Máy ảnh phụ</div>             </td>             <td id="c29_1">2.0 MP</td>         </tr>         <tr>             <td>             <div id="prop_28">Đặc tính máy ảnh</div>             </td>             <td id="c28_1">Đèn Led Flash<br>             Tự động lấy nét, chạm lấy nét<br>             Nhận diện khuôn mặt, nụ cười<br>             Chống rung</td>         </tr>         <tr>             <td>             <div id="prop_30">Videocall</div>             </td>             <td id="c30_1">Có</td>         </tr>         <tr>             <td>             <div id="prop_31">Quay phim</div>             </td>             <td id="c31_1">FullHD 1080p@30fps</td>         </tr>         <tr>             <td>             <div id="prop_32">Xem phim</div>             </td>             <td id="c32_1">DivX, H.263, H.264(MPEG4-AVC), MP4, WMV</td>         </tr>         <tr>             <td>             <div id="prop_33">Nghe nhạc</div>             </td>             <td id="c33_1">AC3, FLAC, MP3, WAV, eAAC+</td>         </tr>         <tr>             <td>             <div id="prop_36">Ghi âm</div>             </td>             <td id="c36_1">Có</td>         </tr>         <tr>             <td>             <div id="prop_37">Ghi âm cuộc gọi</div>             </td>             <td id="c37_1">Không</td>         </tr>         <tr>             <td>             <div id="prop_34">FM radio</div>             </td>             <td id="c34_1">FM radio với RDS</td>         </tr>         <tr>             <td>             <div id="prop_35">Xem Tivi</div>             </td>             <td id="c35_1">Mạng 3G</td>         </tr>         <tr>             <td>             <div id="prop_42">Ứng dụng văn phòng</div>             </td>             <td id="c42_1">Soạn thảo văn bản</td>         </tr>         <tr>             <td>             <div id="prop_60">Hỗ trợ đa SIM</div>             </td>             <td id="c60_1">Không</td>         </tr>         <tr>             <td>             <div>Chức năng khác</div>             </td>             <td id="c43_1">Dùng Micro Sim<br>             Google Search, Maps, Gmail, YouTube, Calendar, Google Talk<br>             Mạng xã hội<br>             La bàn số<br>             Micro chuyên dụng chống ồn<br>             Adobe Flash<br>             Dropbox (lưu trữ 50 GB)</td>         </tr>         <tr>             <td valign="top" rowspan="9">             <div>Cấu hình chi tiết</div>             </td>             <td id="prop_72">Hệ điều hành</td>             <td id="c72_1">Android OS, v4.0.4 (Ice Cream Sandwich)</td>         </tr>         <tr>             <td>             <div id="prop_75">Ngôn ngữ</div>             </td>             <td id="c75_1">Tiếng Anh, Tiếng Việt</td>         </tr>         <tr>             <td>             <div id="prop_54">Danh bạ</div>             </td>             <td id="c54_1">Không giới hạn</td>         </tr>         <tr>             <td>             <div id="prop_51">Vi xử lý CPU</div>             </td>             <td id="c51_1">Quad-core 1.4 GHz Cortex-A9</td>         </tr>         <tr>             <td>             <div id="prop_49">Bộ nhớ trong (ROM)</div>             </td>             <td id="c49_1">16 GB</td>         </tr>         <tr>             <td>             <div>RAM</div>             </td>             <td id="c50_1">2 GB</td>         </tr>         <tr>             <td>             <div id="prop_52">Thẻ nhớ ngoài</div>             </td>             <td id="c52_1">MicroSD (T-Flash)</td>         </tr>         <tr>             <td>             <div id="prop_53">Hỗ trợ thẻ tối đa</div>             </td>             <td id="c53_1">64 GB</td>         </tr>         <tr>             <td>             <div>Thông tin khác</div>             </td>             <td id="c5159_1">Không</td>         </tr>         <tr>             <td valign="top" rowspan="5">             <div>Màn hình hiển thị</div>             </td>             <td id="prop_77">Loại màn hình</td>             <td id="c77_1">Super AMOLED 16 triệu màu</td>         </tr>         <tr>             <td>             <div id="prop_78">Độ phân giải</div>             </td>             <td id="c78_1">720 x 1280 pixels</td>         </tr>         <tr>             <td>             <div id="prop_79">Kích thước</div>             </td>             <td id="c79_1">4.8 inches</td>         </tr>         <tr>             <td>             <div id="prop_80">Hỗ trợ cảm ứng</div>             </td>             <td id="c80_1">Cảm ứng điện dung, đa điểm</td>         </tr>         <tr>             <td>             <div id="prop_81">Giao diện người dùng</div>             </td>             <td id="c81_1">TouchWiz UI v4.0</td>         </tr>         <tr>             <td valign="top" rowspan="16">             <div>Kết nối dữ liệu</div>             </td>             <td id="prop_57">Băng tần 2G</td>             <td id="c57_1">GSM 850/900/1800/1900</td>         </tr>         <tr>             <td>             <div id="prop_58">Băng tần 3G, 4G</div>             </td>             <td id="c58_1">HSDPA 850 / 900 / 1700 / 1900 / 2100, LTE</td>         </tr>         <tr>             <td>             <div id="prop_65">Tốc độ 3G, 4G</div>             </td>             <td id="c65_1">HSPDA, HSUPA</td>         </tr>         <tr>             <td>             <div id="prop_55">Tin nhắn</div>             </td>             <td id="c55_1">SMS/MMS</td>         </tr>         <tr>             <td>             <div id="prop_56">Email</div>             </td>             <td id="c56_1">Có, SMTP/IMAP4/POP3/Push Mail</td>         </tr>         <tr>             <td>             <div id="prop_67">Trình duyệt</div>             </td>             <td id="c67_1">HTML</td>         </tr>         <tr>             <td>             <div id="prop_61">GPRS</div>             </td>             <td id="c61_1">Có</td>         </tr>         <tr>             <td>             <div id="prop_64">EDGE</div>             </td>             <td id="c64_1">Có</td>         </tr>         <tr>             <td>             <div id="prop_66">Wifi</div>             </td>             <td id="c66_1">Wi-Fi 802.11 a/b/g/n, Wi-Fi Direct, DLNA, Wi-Fi hotspot</td>         </tr>         <tr>             <td>             <div id="prop_69">Bluetooth</div>             </td>             <td id="c69_1">V4.0 with A2DP</td>         </tr>         <tr>             <td>             <div id="prop_68">GPS</div>             </td>             <td id="c68_1">A-GPS và GLONASS</td>         </tr>         <tr>             <td>             <div>Cảm biến</div>             </td>             <td id="c5179_1">Cảm biến gia tốc tự xoay màn hình</td>         </tr>         <tr>             <td>             <div id="prop_71">Kết nối máy tính</div>             </td>             <td id="c71_1">Micro USB</td>         </tr>         <tr>             <td>             <div id="prop_41">Kết nối Tivi</div>             </td>             <td id="c41_1">Có</td>         </tr>         <tr>             <td>             <div id="prop_48">Jack tai nghe</div>             </td>             <td id="c48_1">3.5 mm</td>         </tr>         <tr>             <td>             <div>Cổng kết nối khác</div>             </td>             <td id="c5199_1">Không</td>         </tr>         <tr>             <td valign="top" rowspan="5">             <div>Thông số vật lý</div>             </td>             <td id="prop_73">Kiểu dáng</td>             <td id="c73_1">Thanh (thẳng) + Cảm ứng</td>         </tr>         <tr>             <td>             <div id="prop_74">Bàn phím Qwerty</div>             </td>             <td id="c74_1">Có, phím ảo</td>         </tr>         <tr>             <td>             <div id="prop_88">Kích thước</div>             </td>             <td id="c88_1">136.6 x 70.6 x 8.6 mm</td>         </tr>         <tr>             <td>             <div id="prop_100">Trọng lượng (g)</div>             </td>             <td id="c100_1">133</td>         </tr>         <tr>             <td>             <div>Bảo hành</div>             </td>             <td id="c76_1">12 tháng</td>         </tr>         <tr>             <td valign="top" rowspan="4">             <div>Thông số Pin</div>             </td>             <td>Loại pin</td>             <td id="c83_1">Pin chuẩn Li-Ion</td>         </tr>         <tr>             <td>             <div id="prop_84">Dung lượng pin</div>             </td>             <td id="c84_1">2100 mAh</td>         </tr>         <tr>             <td>             <div id="prop_86">Thời gian đàm thoại</div>             </td>             <td id="c86_1">6 giờ</td>         </tr>         <tr>             <td>             <div id="prop_87">Thời gian chờ</div>             </td>             <td id="c87_1">300 giờ</td>         </tr>     </tbody> </table> <p> </p>', 146, 'galaxys6.jpg', 5, 1, '<p>Tặng Gói Bảo Hành Vàng trị giá 500.000đ<br>Tặng kèm bộ sạc, cáp, tai nghe trị giá 550.000đ<br>Tặng kèm dán màn hình miễn phí 06 tháng trị giá 100.000đ<br>Tặng kèm bút cảm ứng thời trang giá 50.000đ<br>Ưu đãi cường lực giá chỉ 80.000đ<br>Ưu đãi Ốp lưng dẻo sillicon giá chỉ 50.000đ<br>Ưu đãi Ốp lưng cứng Nilkin giá chỉ 140.000đ<br>Ưu đãi Bao da chỉ còn 200.000đ<br>Ưu đãi pin dự phòng Xiaomi 10.000mAh chính hãng chỉ 390.000đ<br>Giảm thêm 100.000đ với Khách hàng thân thiết</p>', 0);
INSERT INTO `phone_lbl` (`pIMEI`, `pName`, `pID`, `pPrice`, `pInfo`, `pCauhinh`, `pNumber`, `pImage`, `pView`, `pStatus1`, `pKhuyenMai`, `pRate`) VALUES
(28, 'SamSung galaxy S3', 2, 2700000, '<p>L&agrave; con &aacute;t chủ b&agrave;i gi&uacute;p Samsung th&agrave;nh c&ocirc;ng tr&ecirc;n thị trường di động hiện nay, Samsung Galaxy SIII thật ấn tượng với nhiều t&iacute;nh năng mạnh mẽ c&ugrave;ng c&aacute;c tiện &iacute;ch th&ocirc;ng minh t&iacute;ch hợp vi xử l&yacute; 4 nh&acirc;n v&agrave; m&agrave;n h&igrave;nh Super AMOLED 4.8 inch rực rỡ. Samsung Galaxy S3&nbsp;c&oacute; thiết kế ho&agrave;n to&agrave;n kh&aacute;c biệt với những smartphone trước đ&acirc;y của Samsung, m&aacute;y tr&ocirc;ng mềm mại với những đường cong nhẹ nh&agrave;ng v&agrave; thanh tho&aacute;t. Samsung lấy &yacute; tưởng v&agrave; cảm hứng về thiết kế của Samsung Galaxy S3&nbsp;dựa v&agrave;o những đường cong trong tự nhi&ecirc;n: đường cong của &aacute;nh s&aacute;ng, đường cong của đ&aacute; cuội&hellip;v&agrave; nhắm đến sự thuận tiện cho người d&ugrave;ng n&ecirc;n khi cầm m&aacute;y tr&ecirc;n tay c&oacute; cảm gi&aacute;c rất thoải m&aacute;i v&agrave; dễ chịu.</p>\r\n\r\n<p>&nbsp;</p>\r\n\r\n<h2><strong>ưu điểm của Samsung galaxy S3</strong></h2>\r\n\r\n<p>&nbsp;</p>\r\n\r\n<ul>\r\n	<li>Kiểu d&aacute;ng sang trọng, giao diện ấn tượng</li>\r\n	<li>Nhiều t&iacute;nh năng đột ph&aacute; như cảm biến hồng ngoại Smart Stay - Thức ngủ c&ugrave;ng bạn</li>\r\n	<li>Chụp li&ecirc;n tục 8 bức ảnh v&agrave; tự chọn h&igrave;nh đẹp nhất</li>\r\n	<li>Thao t&aacute;c m&agrave;n h&igrave;nh cảm ứng rất mượt m&agrave;</li>\r\n	<li>Vừa xem phim vừa chat với t&iacute;nh năng Pop up play</li>\r\n</ul>\r\n\r\n<p>&nbsp;</p>\r\n\r\n<h2><strong>Nhược điểm của Samsung galaxy S3</strong></h2>\r\n\r\n<p>&nbsp;</p>\r\n\r\n<ul>\r\n	<li>Mặc d&ugrave; pin l&agrave; loại 2.100 mAh song do m&agrave;n h&igrave;nh lớn v&agrave; chip l&otilde;i tứ n&ecirc;n khả năng ti&ecirc;u hao sẽ kh&ocirc;ng hề nhỏ</li>\r\n</ul>\r\n\r\n<p>&nbsp;</p>\r\n\r\n<h2><strong>C&aacute;c t&iacute;nh năng nổi bật của Samsung galaxy S3</strong></h2>\r\n\r\n<p><br />\r\n<br />\r\n<strong>Thiết kế v&agrave; m&agrave;n h&igrave;nh</strong></p>\r\n\r\n<p>&nbsp; M&aacute;y kh&ocirc;ng c&oacute; lớp vỏ gốm b&oacute;ng bẩy hay lớp k&iacute;nh sang trọng bao b&ecirc;n ngo&agrave;i, phần nắp lưng được chế tạo từ chất liệu nhựa Polycarbonate c&oacute; khả năng hạn chế trầy xước v&agrave; bền hơn nhựa th&ocirc;ng thường đến 300 lần c&ugrave;ng lớp phủ hyperglaze tạo n&ecirc;n vẻ ngo&agrave;i b&oacute;ng bẩy, sang trọng cho m&aacute;y.</p>\r\n\r\n<p><strong>Samsung Galaxy S3</strong>&nbsp;l&agrave; một trong những mẫu điện thoại c&oacute; chất liệu vỏ nhựa đẹp nhất tr&ecirc;n thị trường với sự lựa chọn đa dạng về m&agrave;u sắc vỏ m&aacute;y: trắng cẩm thạch, xanh đ&aacute;, đỏ thạch lựu, x&aacute;m hổ ph&aacute;ch, đen sa-phia. Thiết bị mỏng 8.6 mm v&agrave; nặng chỉ 133g. duylongmobile.com</p>\r\n\r\n<p>M&aacute;y được trang bị m&agrave;n h&igrave;nh Super AMOLED HD 720 x 1280 pixels &nbsp;rộng 4.8 inch được bao phủ bởi lớp k&iacute;nh cường lực Gorilla Glass 2 cho chất lượng hiển thị h&igrave;nh ảnh mịn m&agrave;ng, rực rỡ v&agrave; sắc n&eacute;t. Nhờ v&agrave;o độ ph&acirc;n giải m&agrave;n h&igrave;nh cao n&ecirc;n mật độ điểm ảnh tr&ecirc;n mỗi inch của m&agrave;n h&igrave;nh Galaxy SIII l&ecirc;n đến 306 điểm ảnh tr&ecirc;n mỗi inch,ch&iacute;nh mật độ điểm ảnh cao n&agrave;y đ&atilde; khắc phục được nhược điểm rỗ h&igrave;nh tr&ecirc;n m&agrave;n h&igrave;nh Super AMOLED. M&agrave;n h&igrave;nh của m&aacute;y cũng &iacute;t bị &aacute;m xanh hơn so với m&agrave;n h&igrave;nh Galaxy S v&agrave; SII. C&ugrave;ng với m&agrave;n h&igrave;nh Retina v&agrave; m&agrave;n h&igrave;nh Super Clear LCD, m&agrave;n h&igrave;nh Super AMOLED HD l&agrave; một trong những c&ocirc;ng nghệ m&agrave;n h&igrave;nh xuất sắc nhất tr&ecirc;n c&aacute;c thiết bị di động hiện nay.</p>\r\n\r\n<p><strong>Giao diện v&agrave; t&iacute;nh năng</strong></p>\r\n\r\n<p><img alt="giao dien samsung galaxy s3" src="images/14088472663.jpg" style="height:385px; width:500px" /></p>\r\n\r\n<p><strong>S3</strong>&nbsp;sử dụng giao diện TouchWiz Nature với c&aacute;c icon được trau chuốt tr&ocirc;ng hiện đại v&agrave; đẹp mắt hơn so với c&aacute;c phi&ecirc;n bản TouchWiz trước. Giao diện hệ điều h&agrave;nh Android 4.0 tr&ocirc;ng rất tuyệt khi kết hợp c&ugrave;ng giao diện TochWiz 5 v&agrave; được thể hiện lại tr&ecirc;n m&agrave;n h&igrave;nh của Galaxy SIII.</p>\r\n\r\n<p><img alt="samsung galaxy s3 touchwiz" src="./images/1408847277.jpeg" style="height:349px; width:600px" /></p>\r\n\r\n<p>Giao diện mở kh&oacute;a của m&aacute;y cũng c&oacute; nhiều cải tiến tr&ocirc;ng rất sinh động với h&igrave;nh ảnh một b&ocirc;ng hoa bồ c&ocirc;ng anh ẩn dưới mặt nước tĩnh lặng, khi bạn chạm tay v&agrave;o m&agrave;n h&igrave;nh sẽ c&oacute; những gợn nước lăn tăn tạo cảm gi&aacute;c gần gũi v&agrave; th&acirc;n thuộc với thi&ecirc;n nhi&ecirc;n.</p>\r\n\r\n<p><strong>Samsung Galaxy S3</strong>&nbsp;được c&agrave;i Hệ điều h&agrave;nh Android 4.0 Ice Cream Sandwich c&oacute; thể n&acirc;ng cấp l&ecirc;n Android&nbsp; 4.1 Jelly Bean. Nhờ bộ vi xử l&yacute; l&otilde;i tứ mạnh mẽ n&ecirc;n m&aacute;y c&oacute; thể chạy mượt m&agrave; phi&ecirc;n bản Hệ điều h&agrave;nh Android mới nhất n&agrave;y. Bạn c&oacute; thể tải về h&agrave;ng trăm ng&agrave;n ứng dụng hữu &iacute;ch từ kho ứng dụng trực tuyến Google Play cũng như nhiều ứng dụng tr&ecirc;n kho ứng dụng Samsung Apps.</p>\r\n\r\n<p><strong>Camera v&agrave; h&igrave;nh ảnh</strong></p>\r\n\r\n<p>M&aacute;y<strong>&nbsp;</strong>được trang bị camera 8 megapixel tự động lấy n&eacute;t, đ&egrave;n flash trợ s&aacute;ng c&ugrave;ng khả năng bắt h&igrave;nh cực nhanh. Bạn c&oacute; thể khởi động nhanh camera của Galaxy S3 tr&ecirc;n m&agrave;n h&igrave;nh kh&oacute;a bằng c&aacute;ch vuốt kh&oacute;a mở m&agrave;n h&igrave;nh v&agrave; xoay ngang m&aacute;y.</p>\r\n\r\n<p><img alt="camera samsung galaxy s3" src="./images/14088472873.jpg" style="height:467px; width:600px" /></p>\r\n\r\n<p><strong>Camera </strong>của <strong>S3</strong> lấy n&eacute;t tức thời sau khi chạm tay v&agrave;o n&uacute;t chụp h&igrave;nh n&ecirc;n bạn kh&oacute; c&oacute; thể bỏ lỡ khoảnh khắc n&agrave;o trong cuộc sống khi cầm tr&ecirc;n tay. Camera c&ograve;n cho ph&eacute;p bạn chụp 20 tấm h&igrave;nh li&ecirc;n tiếp (với tốc độ chụp 3.3 h&igrave;nh mỗi gi&acirc;y) v&agrave; chọn ra cho bạn tấm h&igrave;nh đẹp nhất.</p>\r\n\r\n<p>So với <strong>Galaxy S2</strong> th&igrave; camera của <strong>Samsung Galaxy S3</strong>&nbsp;kh&ocirc;ng tăng l&ecirc;n về số &ldquo;chấm&rdquo; nhưng chất lượng ảnh chụp từ <strong>Galaxy SIII </strong>cũng như những t&iacute;nh năng tiện &iacute;ch th&igrave; Galaxy SIII l&agrave;m tốt hơn người tiền nhiệm của m&igrave;nh rất nhiều. Galaxy SIII l&agrave; một trong những smartphone chụp h&igrave;nh nhanh v&agrave; đẹp nhất tr&ecirc;n thị trường hiện nay.</p>\r\n\r\n<p>M&aacute;y ảnh của<strong>&nbsp;S3</strong>&nbsp;c&oacute; khả năng ghi lại những đoạn phim<strong> full HD 1080p </strong>với độ ổn định khung h&igrave;nh cao ở 30 khung h&igrave;nh/gi&acirc;y.</p>\r\n\r\n<p>Mặt trước m&aacute;y l&agrave; camera phụ độ ph&acirc;n giải 1.9 megapixel quay video HD n&ecirc;n <strong>Samsung Galaxy S3</strong>&nbsp;l&agrave; một thiết bị l&yacute; tưởng để thực hiện c&aacute;c cuộc gọi video,những người th&acirc;n của bạn sẽ c&oacute; cảm gi&aacute;c bạn đang ở b&ecirc;n cạnh họ bởi chất lượng video độ n&eacute;t cao được ghi lại từ camera phụ của m&aacute;y.</p>\r\n\r\n<p><strong>Internet v&agrave; kết nối</strong></p>\r\n\r\n<p><img alt="samsung galaxy s3 internet" src="./images/1408847300t.jpg" style="height:400px; width:600px" /></p>\r\n\r\n<p>Tr&igrave;nh duyệt web tr&ecirc;n <strong>Samsung Galaxy S3</strong>l&agrave; tr&igrave;nh duyệt web mặc định của Hệ điều h&agrave;nh Android cho tốc độ duyệt web nhanh v&agrave; ổn định, c&aacute;c thao t&aacute;c cuộn trang, ph&oacute;ng to, thu nhỏ tr&ecirc;n trang web mượt m&agrave;. Tr&igrave;nh duyệt web tr&ecirc;n Galaxy SIII hỗ trợ full flash gi&uacute;p hiển thị nội dung flash tr&ecirc;n c&aacute;c trang web.</p>\r\n\r\n<p>M&aacute;y được trang bị đầy đủ c&aacute;c kết nối kh&ocirc;ng d&acirc;y mạnh mẽ: GPRS, EDGE v&agrave; kết nối 3G HSPA+ với tốc độ tải xuống l&ecirc;n đến 21Mbps, tốc độ tải l&ecirc;n l&agrave; 5.76 Mbps c&ugrave;ng trang bị kết nối mạng kh&ocirc;ng d&acirc;y wifi 4 chuẩn 802.11 a/b/g/n cho khả năng bắt s&oacute;ng wifi nhanh v&agrave; mạnh. Ngo&agrave;i ra chiếc điện thoại n&agrave;y cũng trang bị kết nối kh&ocirc;ng d&acirc;y bluetooth v4.0 cho khả năng truyền tải dữ liệu nhanh ch&oacute;ng. T&iacute;nh năng wifi hotspot cho ph&eacute;p người d&ugrave;ng biến Galaxy SIII th&agrave;nh một thiết bị ph&aacute;t wifi từ s&oacute;ng 3G để chia sẻ với c&aacute;c thiết bị bắt wifi: laptop, m&aacute;y t&iacute;nh bảng, điện thoại di đ&ocirc;ng.... Hỗ trợ t&iacute;nh năng USB on-the-go khi kết hợp c&ugrave;ng c&aacute;p USB on-the-go cho ph&eacute;p Galaxy SIII kết nối với c&aacute;c thiết bị kết nối qua cổng USB như&nbsp; USB, đầu đọc thẻ, chuột, b&agrave;n ph&iacute;m, tay cầm chơi game...</p>\r\n\r\n<p><strong>Samsung Galaxy S3</strong>&nbsp;hỗ trợ t&iacute;nh năng định vị to&agrave;n cầu GPS v&agrave; GLONASS &nbsp;c&ugrave;ng với bản đồ Google Map được c&agrave;i sẵn định vị ch&iacute;nh x&aacute;c vị tr&iacute; của bạn chỉ v&agrave;i gi&acirc;y sau khi khởi động bản đồ. M&aacute;y cũng được trang bị giao tiếp trường gần NFC đang dần trở n&ecirc;n phổ biến tr&ecirc;n smartphone với nhiều tiện &iacute;ch về truyền tải dữ liệu nhanh ch&oacute;ng hay thanh to&aacute;n h&oacute;a đơn mua sắm&hellip;</p>\r\n\r\n<p><strong>T&iacute;nh năng Giải tr&iacute;</strong></p>\r\n\r\n<p>M&agrave;n h&igrave;nh Super AMOLED HD hiển thị h&igrave;nh ảnh sống động, m&agrave;u sắc đẹp rực rỡ, thể hiện m&agrave;u đen rất s&acirc;u c&ugrave;ng khả năng giải m&atilde; được nhiều chuẩn video: MP4/DivX/XviD/WMV/H.264/H.263 cộng th&ecirc;m với m&agrave;n h&igrave;nh rộng 4.8 inch độ ph&acirc;n giải chuẩn HD, <strong>Samsung Galaxy S3</strong>I l&agrave; một thiết bị di động coi phim l&yacute; tưởng mang đến cho bạn những trải nghiệm xem Video HD tuyệt vời&nbsp; tr&ecirc;n m&agrave;n h&igrave;nh đẹp rực rỡ của m&aacute;y.</p>\r\n\r\n<p>Trang bị bộ vi xử l&iacute; l&otilde;i tứ 1.4 GHz Cortex-A9 c&ugrave;ng hệ thống tr&ecirc;n chip Exynos 4412 nổi tiếng của Samsung v&agrave; nh&acirc;n đồ họa Mali-400MP mạnh mẽ, Galaxy SIII chạy tốt c&aacute;c Game đồ họa nặng: Asphalt-6, Dungeon Hunter, Shrek KartTMHD...</p>\r\n\r\n<p><strong>Phần mềm hướng đến trải nghiệm người d&ugrave;ng</strong></p>\r\n\r\n<p><strong>S3</strong> ra đời nhằm mang lại trải nghiệm tốt nhất cho người d&ugrave;ng từ giao diện thi&ecirc;n nhi&ecirc;n của m&aacute;y cho đến những phần mềm tiện &iacute;ch k&egrave;m theo. Những phần mềm tiện &iacute;ch tr&ecirc;n S3 được ph&aacute;t triển d&agrave;nh ri&ecirc;ng cho m&aacute;y m&agrave; kh&ocirc;ng xuất hiện tr&ecirc;n bất k&igrave; một smarphone n&agrave;o kh&aacute;c.</p>\r\n\r\n<p><strong>Smart Stay</strong>: t&iacute;nh năng sử dụng camera phụ của m&aacute;y theo d&otilde;i trạng th&aacute;i mắt người d&ugrave;ng. Khi bạn đang đọc s&aacute;ch điện tử, duyệt web&hellip;m&agrave;n h&igrave;nh m&aacute;y sẽ s&aacute;ng li&ecirc;n tục cho đến khi bạn nhắm mắt v&agrave; ch&igrave;m v&agrave;o giấc ngủ th&igrave; Galaxy SIII cũng sẽ tự động tắt m&agrave;n h&igrave;nh v&agrave; đi v&agrave;o giấc ngủ c&ugrave;ng bạn.</p>\r\n\r\n<p><img alt="" src="./images/1408847312y.jpg" style="height:354px; width:600px" /></p>\r\n\r\n<p><strong>Direct Call:</strong> khi một tin nhắn đang đến, bạn mở tin nhắn ra đọc v&agrave; soạn thảo tin nhắn trả lời rồi chợt muốn gọi điện đến người m&agrave; bạn đang nhắn tin c&ugrave;ng. Thay v&igrave; phải đi qua nhiều thao t&aacute;c v&agrave;o danh bạ, lục t&igrave;m danh bạ của người đ&oacute; rồi nhấn gọi th&igrave; bạn chỉ cần &aacute;p m&aacute;y l&ecirc;n tai, <strong>Galaxy SIII</strong> sẽ tự động quay số đến người m&agrave; bạn đang cần gọi.</p>\r\n\r\n<p><strong>S Beam:</strong> t&iacute;nh năng sử dụng giao tiếp trường gần NFC v&agrave; Wifi Direct để truyền dữ liệu giữa 2 m&aacute;y Galaxy SIII với nhau. Bạn chỉ cần &aacute;p lưng 2 chiếc Galaxy SIII v&agrave;o nhau v&agrave; chạm v&agrave;o tập tin m&agrave; m&igrave;nh muốn chia sẻ, dữ liệu sẽ nhanh ch&oacute;ng được truyền đi.</p>\r\n\r\n<p><img alt="S Beam" src="./images/1408847322m.jpg" style="height:433px; width:600px" /></p>\r\n\r\n<p><strong>S Voice:</strong> t&iacute;nh năng điều khiển bằng giọng n&oacute;i gi&uacute;p bạn nhanh ch&oacute;ng đ&aacute;nh thức m&aacute;y bằng c&acirc;u lệnh: &ldquo;Hi Galaxy&rdquo;&nbsp; cũng như thực hiện c&aacute;c t&aacute;c vụ: y&ecirc;u cầu b&agrave;i h&aacute;t, gửi email, tin nhắn, tăng giảm &acirc;m lượng, khởi động camera&hellip;th&ocirc;ng qua giọng n&oacute;i m&agrave; kh&ocirc;ng cần thao t&aacute;c trực tiếp tr&ecirc;n m&agrave;n h&igrave;nh.</p>\r\n\r\n<p><img alt="S Voice" src="./images/1408847332e.jpg" style="height:363px; width:580px" /></p>\r\n\r\n<p><strong>Pop Up Play:</strong> t&iacute;nh năng cho ph&eacute;p bạn chia m&agrave;n h&igrave;nh <strong>Samsung Galaxy S3</strong>&nbsp;ra l&agrave;m 2 phần để vừa c&oacute; thể xem video vừa lướt web, nhắn tin, chơi game&hellip; rất tiện dụng.</p>\r\n\r\n<p><img alt="Pop Up Play" src="./images/1408847349y.jpg" style="height:410px; width:500px" /></p>\r\n\r\n<p><strong>Pin v&agrave; bộ nhớ</strong></p>\r\n\r\n<p><strong>Samsung Galaxy SIII</strong> được trang bị vi&ecirc;n pin dung lượng khủng&nbsp; 2100 mAh cho thời gian đ&agrave;m thoại l&ecirc;n đến 21 giờ 40 ph&uacute;t tr&ecirc;n mạng 2G v&agrave; 11h 40 ph&uacute;t tr&ecirc;n mạng 3G. D&ugrave; l&agrave; một smartphone l&otilde;i tứ nhưng với nguồn pin dung lượng cao Galaxy SIII cho thời gian sử dụng kh&aacute; l&acirc;u,<strong> S3</strong> ho&agrave;n to&agrave;n c&oacute; thể c&ugrave;ng bạn vượt qua một ng&agrave;y bận rộn với nhiều hoạt động tr&ecirc;n m&aacute;y: nghe gọi, nhắn tin, chụp h&igrave;nh quay phim full HD, lướt web tr&ecirc;n nền mạng 3G, chơi Game đồ họa nặng, xem video HD&hellip;với tần suất cao cho đến cuối ng&agrave;y mới cần phải cắm sạc. Sử dụng vi&ecirc;n pin c&oacute; thể th&aacute;o rời n&ecirc;n bạn c&oacute; thể trang bị cho m&aacute;y một vi&ecirc;n pin dự ph&ograve;ng v&agrave; c&oacute; thể thay thế v&agrave;o bất k&igrave; thời điểm n&agrave;o khi m&aacute;y hết pin m&agrave; bạn kh&ocirc;ng mang theo sạc b&ecirc;n m&igrave;nh.</p>\r\n', '<h2><strong>&nbsp; Th&ocirc;ng số kỹ thuật của Samsung galaxy S3</strong></h2>\r\n\r\n<table border="0" cellpadding="0" cellspacing="0">\r\n	<tbody>\r\n		<tr>\r\n			<td rowspan="14">\r\n			<p>Chức năng cơ bản</p>\r\n			</td>\r\n			<td>M&aacute;y ảnh ch&iacute;nh</td>\r\n			<td>8.0 MP (3264x2448 pixels)</td>\r\n		</tr>\r\n		<tr>\r\n			<td>\r\n			<p>M&aacute;y ảnh phụ</p>\r\n			</td>\r\n			<td>2.0 MP</td>\r\n		</tr>\r\n		<tr>\r\n			<td>\r\n			<p>Đặc t&iacute;nh m&aacute;y ảnh</p>\r\n			</td>\r\n			<td>Đ&egrave;n Led Flash<br />\r\n			Tự động lấy n&eacute;t, chạm lấy n&eacute;t<br />\r\n			Nhận diện khu&ocirc;n mặt, nụ cười<br />\r\n			Chống rung</td>\r\n		</tr>\r\n		<tr>\r\n			<td>\r\n			<p>Videocall</p>\r\n			</td>\r\n			<td>C&oacute;</td>\r\n		</tr>\r\n		<tr>\r\n			<td>\r\n			<p>Quay phim</p>\r\n			</td>\r\n			<td>FullHD 1080p@30fps</td>\r\n		</tr>\r\n		<tr>\r\n			<td>\r\n			<p>Xem phim</p>\r\n			</td>\r\n			<td>DivX, H.263, H.264(MPEG4-AVC), MP4, WMV</td>\r\n		</tr>\r\n		<tr>\r\n			<td>\r\n			<p>Nghe nhạc</p>\r\n			</td>\r\n			<td>AC3, FLAC, MP3, WAV, eAAC+</td>\r\n		</tr>\r\n		<tr>\r\n			<td>\r\n			<p>Ghi &acirc;m</p>\r\n			</td>\r\n			<td>C&oacute;</td>\r\n		</tr>\r\n		<tr>\r\n			<td>\r\n			<p>Ghi &acirc;m cuộc gọi</p>\r\n			</td>\r\n			<td>Kh&ocirc;ng</td>\r\n		</tr>\r\n		<tr>\r\n			<td>\r\n			<p>FM radio</p>\r\n			</td>\r\n			<td>FM radio với RDS</td>\r\n		</tr>\r\n		<tr>\r\n			<td>\r\n			<p>Xem Tivi</p>\r\n			</td>\r\n			<td>Mạng 3G</td>\r\n		</tr>\r\n		<tr>\r\n			<td>\r\n			<p>Ứng dụng văn ph&ograve;ng</p>\r\n			</td>\r\n			<td>Soạn thảo văn bản</td>\r\n		</tr>\r\n		<tr>\r\n			<td>\r\n			<p>Hỗ trợ đa SIM</p>\r\n			</td>\r\n			<td>Kh&ocirc;ng</td>\r\n		</tr>\r\n		<tr>\r\n			<td>\r\n			<p>Chức năng kh&aacute;c</p>\r\n			</td>\r\n			<td>D&ugrave;ng Micro Sim<br />\r\n			Google Search, Maps, Gmail, YouTube, Calendar, Google Talk<br />\r\n			Mạng x&atilde; hội<br />\r\n			La b&agrave;n số<br />\r\n			Micro chuy&ecirc;n dụng chống ồn<br />\r\n			Adobe Flash<br />\r\n			Dropbox (lưu trữ 50 GB)</td>\r\n		</tr>\r\n		<tr>\r\n			<td rowspan="9">\r\n			<p>Cấu h&igrave;nh chi tiết</p>\r\n			</td>\r\n			<td>Hệ điều h&agrave;nh</td>\r\n			<td>Android OS, v4.0.4 (Ice Cream Sandwich)</td>\r\n		</tr>\r\n		<tr>\r\n			<td>\r\n			<p>Ng&ocirc;n ngữ</p>\r\n			</td>\r\n			<td>Tiếng Anh, Tiếng Việt</td>\r\n		</tr>\r\n		<tr>\r\n			<td>\r\n			<p>Danh bạ</p>\r\n			</td>\r\n			<td>Kh&ocirc;ng giới hạn</td>\r\n		</tr>\r\n		<tr>\r\n			<td>\r\n			<p>Vi xử l&yacute; CPU</p>\r\n			</td>\r\n			<td>Quad-core 1.4 GHz Cortex-A9</td>\r\n		</tr>\r\n		<tr>\r\n			<td>\r\n			<p>Bộ nhớ trong (ROM)</p>\r\n			</td>\r\n			<td>16 GB</td>\r\n		</tr>\r\n		<tr>\r\n			<td>\r\n			<p>RAM</p>\r\n			</td>\r\n			<td>2 GB</td>\r\n		</tr>\r\n		<tr>\r\n			<td>\r\n			<p>Thẻ nhớ ngo&agrave;i</p>\r\n			</td>\r\n			<td>MicroSD (T-Flash)</td>\r\n		</tr>\r\n		<tr>\r\n			<td>\r\n			<p>Hỗ trợ thẻ tối đa</p>\r\n			</td>\r\n			<td>64 GB</td>\r\n		</tr>\r\n		<tr>\r\n			<td>\r\n			<p>Th&ocirc;ng tin kh&aacute;c</p>\r\n			</td>\r\n			<td>Kh&ocirc;ng</td>\r\n		</tr>\r\n		<tr>\r\n			<td rowspan="5">\r\n			<p>M&agrave;n h&igrave;nh hiển thị</p>\r\n			</td>\r\n			<td>Loại m&agrave;n h&igrave;nh</td>\r\n			<td>Super AMOLED 16 triệu m&agrave;u</td>\r\n		</tr>\r\n		<tr>\r\n			<td>\r\n			<p>Độ ph&acirc;n giải</p>\r\n			</td>\r\n			<td>720 x 1280 pixels</td>\r\n		</tr>\r\n		<tr>\r\n			<td>\r\n			<p>K&iacute;ch thước</p>\r\n			</td>\r\n			<td>4.8 inches</td>\r\n		</tr>\r\n		<tr>\r\n			<td>\r\n			<p>Hỗ trợ cảm ứng</p>\r\n			</td>\r\n			<td>Cảm ứng điện dung, đa điểm</td>\r\n		</tr>\r\n		<tr>\r\n			<td>\r\n			<p>Giao diện người d&ugrave;ng</p>\r\n			</td>\r\n			<td>TouchWiz UI v4.0</td>\r\n		</tr>\r\n		<tr>\r\n			<td rowspan="16">\r\n			<p>Kết nối dữ liệu</p>\r\n			</td>\r\n			<td>Băng tần 2G</td>\r\n			<td>GSM 850/900/1800/1900</td>\r\n		</tr>\r\n		<tr>\r\n			<td>\r\n			<p>Băng tần 3G, 4G</p>\r\n			</td>\r\n			<td>HSDPA 850 / 900 / 1700 / 1900 / 2100, LTE</td>\r\n		</tr>\r\n		<tr>\r\n			<td>\r\n			<p>Tốc độ 3G, 4G</p>\r\n			</td>\r\n			<td>HSPDA, HSUPA</td>\r\n		</tr>\r\n		<tr>\r\n			<td>\r\n			<p>Tin nhắn</p>\r\n			</td>\r\n			<td>SMS/MMS</td>\r\n		</tr>\r\n		<tr>\r\n			<td>\r\n			<p>Email</p>\r\n			</td>\r\n			<td>C&oacute;, SMTP/IMAP4/POP3/Push Mail</td>\r\n		</tr>\r\n		<tr>\r\n			<td>\r\n			<p>Tr&igrave;nh duyệt</p>\r\n			</td>\r\n			<td>HTML</td>\r\n		</tr>\r\n		<tr>\r\n			<td>\r\n			<p>GPRS</p>\r\n			</td>\r\n			<td>C&oacute;</td>\r\n		</tr>\r\n		<tr>\r\n			<td>\r\n			<p>EDGE</p>\r\n			</td>\r\n			<td>C&oacute;</td>\r\n		</tr>\r\n		<tr>\r\n			<td>\r\n			<p>Wifi</p>\r\n			</td>\r\n			<td>Wi-Fi 802.11 a/b/g/n, Wi-Fi Direct, DLNA, Wi-Fi hotspot</td>\r\n		</tr>\r\n		<tr>\r\n			<td>\r\n			<p>Bluetooth</p>\r\n			</td>\r\n			<td>V4.0 with A2DP</td>\r\n		</tr>\r\n		<tr>\r\n			<td>\r\n			<p>GPS</p>\r\n			</td>\r\n			<td>A-GPS v&agrave; GLONASS</td>\r\n		</tr>\r\n		<tr>\r\n			<td>\r\n			<p>Cảm biến</p>\r\n			</td>\r\n			<td>Cảm biến gia tốc tự xoay m&agrave;n h&igrave;nh</td>\r\n		</tr>\r\n		<tr>\r\n			<td>\r\n			<p>Kết nối m&aacute;y t&iacute;nh</p>\r\n			</td>\r\n			<td>Micro USB</td>\r\n		</tr>\r\n		<tr>\r\n			<td>\r\n			<p>Kết nối Tivi</p>\r\n			</td>\r\n			<td>C&oacute;</td>\r\n		</tr>\r\n		<tr>\r\n			<td>\r\n			<p>Jack tai nghe</p>\r\n			</td>\r\n			<td>3.5 mm</td>\r\n		</tr>\r\n		<tr>\r\n			<td>\r\n			<p>Cổng kết nối kh&aacute;c</p>\r\n			</td>\r\n			<td>Kh&ocirc;ng</td>\r\n		</tr>\r\n		<tr>\r\n			<td rowspan="5">\r\n			<p>Th&ocirc;ng số vật l&yacute;</p>\r\n			</td>\r\n			<td>Kiểu d&aacute;ng</td>\r\n			<td>Thanh (thẳng) + Cảm ứng</td>\r\n		</tr>\r\n		<tr>\r\n			<td>\r\n			<p>B&agrave;n ph&iacute;m Qwerty</p>\r\n			</td>\r\n			<td>C&oacute;, ph&iacute;m ảo</td>\r\n		</tr>\r\n		<tr>\r\n			<td>\r\n			<p>K&iacute;ch thước</p>\r\n			</td>\r\n			<td>136.6 x 70.6 x 8.6 mm</td>\r\n		</tr>\r\n		<tr>\r\n			<td>\r\n			<p>Trọng lượng (g)</p>\r\n			</td>\r\n			<td>133</td>\r\n		</tr>\r\n		<tr>\r\n			<td>\r\n			<p>Bảo h&agrave;nh</p>\r\n			</td>\r\n			<td>12 th&aacute;ng</td>\r\n		</tr>\r\n		<tr>\r\n			<td rowspan="4">\r\n			<p>Th&ocirc;ng số Pin</p>\r\n			</td>\r\n			<td>Loại pin</td>\r\n			<td>Pin chuẩn Li-Ion</td>\r\n		</tr>\r\n		<tr>\r\n			<td>\r\n			<p>Dung lượng pin</p>\r\n			</td>\r\n			<td>2100 mAh</td>\r\n		</tr>\r\n		<tr>\r\n			<td>\r\n			<p>Thời gian đ&agrave;m thoại</p>\r\n			</td>\r\n			<td>6 giờ</td>\r\n		</tr>\r\n		<tr>\r\n			<td>\r\n			<p>Thời gian chờ</p>\r\n			</td>\r\n			<td>300 giờ</td>\r\n		</tr>\r\n	</tbody>\r\n</table>\r\n\r\n<p>&nbsp;</p>\r\n', 146, 'samsungs3.jpg', 12, 1, '', 0),
(29, 'iPhone 5C - 16G (Lock)', 1, 1940000, '', '', 300, '305_dien_thoai_iphone_5c__blue.jpg', 3, 1, '<p>Tặng Gói Bảo Hành Vàng trị giá 500.000đ<br>Tặng kèm bộ sạc, cáp, tai nghe trị giá 550.000đ<br>Tặng kèm dán màn hình miễn phí 06 tháng trị giá 100.000đ<br>Tặng kèm bút cảm ứng thời trang giá 50.000đ<br>Ưu đãi cường lực giá chỉ 80.000đ<br>Ưu đãi Ốp lưng dẻo sillicon giá chỉ 50.000đ<br>Ưu đãi Ốp lưng cứng Nilkin giá chỉ 140.000đ<br>Ưu đãi Bao da chỉ còn 200.000đ<br>Ưu đãi pin dự phòng Xiaomi 10.000mAh chính hãng chỉ 390.000đ<br>Giảm thêm 100.000đ với Khách hàng thân thiết</p>', 0),
(31, 'Iphone5s-16G Qsd', 1, 4290000, '<p>L&agrave; một sản phẩm mới ra mắt từ Apple</p>\r\n', '<p>sasasasas123</p>\r\n', 146, 'iphone5c.png', 3, 1, '<p>Tặng Gói Bảo Hành Vàng trị giá 500.000đ<br>Tặng kèm bộ sạc, cáp, tai nghe trị giá 550.000đ<br>Tặng kèm dán màn hình miễn phí 06 tháng trị giá 100.000đ<br>Tặng kèm bút cảm ứng thời trang giá 50.000đ<br>Ưu đãi cường lực giá chỉ 80.000đ<br>Ưu đãi Ốp lưng dẻo sillicon giá chỉ 50.000đ<br>Ưu đãi Ốp lưng cứng Nilkin giá chỉ 140.000đ<br>Ưu đãi Bao da chỉ còn 200.000đ<br>Ưu đãi pin dự phòng Xiaomi 10.000mAh chính hãng chỉ 390.000đ<br>Giảm thêm 100.000đ với Khách hàng thân thiết</p>', 0),
(32, 'LG-G3 BLACK-GOLD', 17, 2900000, '<p>L&agrave; một sản phẩm mới ra mắt từ Apple</p>\r\n', '', 1417, 'lg-g3.jpg', 23, 1, '<p>Tặng Gói Bảo Hành Vàng trị giá 500.000đ<br>Tặng kèm bộ sạc, cáp, tai nghe trị giá 550.000đ<br>Tặng kèm dán màn hình miễn phí 06 tháng trị giá 100.000đ<br>Tặng kèm bút cảm ứng thời trang giá 50.000đ<br>Ưu đãi cường lực giá chỉ 80.000đ<br>Ưu đãi Ốp lưng dẻo sillicon giá chỉ 50.000đ<br>Ưu đãi Ốp lưng cứng Nilkin giá chỉ 140.000đ<br>Ưu đãi Bao da chỉ còn 200.000đ<br>Ưu đãi pin dự phòng Xiaomi 10.000mAh chính hãng chỉ 390.000đ<br>Giảm thêm 100.000đ với Khách hàng thân thiết</p>', 4);
INSERT INTO `phone_lbl` (`pIMEI`, `pName`, `pID`, `pPrice`, `pInfo`, `pCauhinh`, `pNumber`, `pImage`, `pView`, `pStatus1`, `pKhuyenMai`, `pRate`) VALUES
(33, 'GalaxyS4', 2, 5690000, '<p>L&agrave; con &aacute;t chủ b&agrave;i gi&uacute;p Samsung th&agrave;nh c&ocirc;ng tr&ecirc;n thị trường di động hiện nay, Samsung Galaxy SIII thật ấn tượng với nhiều t&iacute;nh năng mạnh mẽ c&ugrave;ng c&aacute;c tiện &iacute;ch th&ocirc;ng minh t&iacute;ch hợp vi xử l&yacute; 4 nh&acirc;n v&agrave; m&agrave;n h&igrave;nh Super AMOLED 4.8 inch rực rỡ. Samsung Galaxy S3&nbsp;c&oacute; thiết kế ho&agrave;n to&agrave;n kh&aacute;c biệt với những smartphone trước đ&acirc;y của Samsung, m&aacute;y tr&ocirc;ng mềm mại với những đường cong nhẹ nh&agrave;ng v&agrave; thanh tho&aacute;t. Samsung lấy &yacute; tưởng v&agrave; cảm hứng về thiết kế của Samsung Galaxy S3&nbsp;dựa v&agrave;o những đường cong trong tự nhi&ecirc;n: đường cong của &aacute;nh s&aacute;ng, đường cong của đ&aacute; cuội&hellip;v&agrave; nhắm đến sự thuận tiện cho người d&ugrave;ng n&ecirc;n khi cầm m&aacute;y tr&ecirc;n tay c&oacute; cảm gi&aacute;c rất thoải m&aacute;i v&agrave; dễ chịu.</p>\r\n\r\n<p>&nbsp;</p>\r\n\r\n<h2><strong>ưu điểm của Samsung galaxy S3</strong></h2>\r\n\r\n<p>&nbsp;</p>\r\n\r\n<ul>\r\n	<li>Kiểu d&aacute;ng sang trọng, giao diện ấn tượng</li>\r\n	<li>Nhiều t&iacute;nh năng đột ph&aacute; như cảm biến hồng ngoại Smart Stay - Thức ngủ c&ugrave;ng bạn</li>\r\n	<li>Chụp li&ecirc;n tục 8 bức ảnh v&agrave; tự chọn h&igrave;nh đẹp nhất</li>\r\n	<li>Thao t&aacute;c m&agrave;n h&igrave;nh cảm ứng rất mượt m&agrave;</li>\r\n	<li>Vừa xem phim vừa chat với t&iacute;nh năng Pop up play</li>\r\n</ul>\r\n\r\n<p>&nbsp;</p>\r\n\r\n<h2><strong>Nhược điểm của Samsung galaxy S3</strong></h2>\r\n\r\n<p>&nbsp;</p>\r\n\r\n<ul>\r\n	<li>Mặc d&ugrave; pin l&agrave; loại 2.100 mAh song do m&agrave;n h&igrave;nh lớn v&agrave; chip l&otilde;i tứ n&ecirc;n khả năng ti&ecirc;u hao sẽ kh&ocirc;ng hề nhỏ</li>\r\n</ul>\r\n\r\n<p>&nbsp;</p>\r\n\r\n<h2><strong>C&aacute;c t&iacute;nh năng nổi bật của Samsung galaxy S3</strong></h2>\r\n\r\n<p><br />\r\n<br />\r\n<strong>Thiết kế v&agrave; m&agrave;n h&igrave;nh</strong></p>\r\n\r\n<p>&nbsp; M&aacute;y kh&ocirc;ng c&oacute; lớp vỏ gốm b&oacute;ng bẩy hay lớp k&iacute;nh sang trọng bao b&ecirc;n ngo&agrave;i, phần nắp lưng được chế tạo từ chất liệu nhựa Polycarbonate c&oacute; khả năng hạn chế trầy xước v&agrave; bền hơn nhựa th&ocirc;ng thường đến 300 lần c&ugrave;ng lớp phủ hyperglaze tạo n&ecirc;n vẻ ngo&agrave;i b&oacute;ng bẩy, sang trọng cho m&aacute;y.</p>\r\n\r\n<p><strong>Samsung Galaxy S3</strong>&nbsp;l&agrave; một trong những mẫu điện thoại c&oacute; chất liệu vỏ nhựa đẹp nhất tr&ecirc;n thị trường với sự lựa chọn đa dạng về m&agrave;u sắc vỏ m&aacute;y: trắng cẩm thạch, xanh đ&aacute;, đỏ thạch lựu, x&aacute;m hổ ph&aacute;ch, đen sa-phia. Thiết bị mỏng 8.6 mm v&agrave; nặng chỉ 133g. duylongmobile.com</p>\r\n\r\n<p>M&aacute;y được trang bị m&agrave;n h&igrave;nh Super AMOLED HD 720 x 1280 pixels &nbsp;rộng 4.8 inch được bao phủ bởi lớp k&iacute;nh cường lực Gorilla Glass 2 cho chất lượng hiển thị h&igrave;nh ảnh mịn m&agrave;ng, rực rỡ v&agrave; sắc n&eacute;t. Nhờ v&agrave;o độ ph&acirc;n giải m&agrave;n h&igrave;nh cao n&ecirc;n mật độ điểm ảnh tr&ecirc;n mỗi inch của m&agrave;n h&igrave;nh Galaxy SIII l&ecirc;n đến 306 điểm ảnh tr&ecirc;n mỗi inch,ch&iacute;nh mật độ điểm ảnh cao n&agrave;y đ&atilde; khắc phục được nhược điểm rỗ h&igrave;nh tr&ecirc;n m&agrave;n h&igrave;nh Super AMOLED. M&agrave;n h&igrave;nh của m&aacute;y cũng &iacute;t bị &aacute;m xanh hơn so với m&agrave;n h&igrave;nh Galaxy S v&agrave; SII. C&ugrave;ng với m&agrave;n h&igrave;nh Retina v&agrave; m&agrave;n h&igrave;nh Super Clear LCD, m&agrave;n h&igrave;nh Super AMOLED HD l&agrave; một trong những c&ocirc;ng nghệ m&agrave;n h&igrave;nh xuất sắc nhất tr&ecirc;n c&aacute;c thiết bị di động hiện nay.</p>\r\n\r\n<p><strong>Giao diện v&agrave; t&iacute;nh năng</strong></p>\r\n\r\n<p><img alt="giao dien samsung galaxy s3" src="./images/14088472663.jpg" style="height:385px; width:500px" /></p>\r\n\r\n<p><strong>S3</strong>&nbsp;sử dụng giao diện TouchWiz Nature với c&aacute;c icon được trau chuốt tr&ocirc;ng hiện đại v&agrave; đẹp mắt hơn so với c&aacute;c phi&ecirc;n bản TouchWiz trước. Giao diện hệ điều h&agrave;nh Android 4.0 tr&ocirc;ng rất tuyệt khi kết hợp c&ugrave;ng giao diện TochWiz 5 v&agrave; được thể hiện lại tr&ecirc;n m&agrave;n h&igrave;nh của Galaxy SIII.</p>\r\n\r\n<p><img alt="samsung galaxy s3 touchwiz" src="./images/1408847277.jpeg" style="height:349px; width:600px" /></p>\r\n\r\n<p>Giao diện mở kh&oacute;a của m&aacute;y cũng c&oacute; nhiều cải tiến tr&ocirc;ng rất sinh động với h&igrave;nh ảnh một b&ocirc;ng hoa bồ c&ocirc;ng anh ẩn dưới mặt nước tĩnh lặng, khi bạn chạm tay v&agrave;o m&agrave;n h&igrave;nh sẽ c&oacute; những gợn nước lăn tăn tạo cảm gi&aacute;c gần gũi v&agrave; th&acirc;n thuộc với thi&ecirc;n nhi&ecirc;n.</p>\r\n\r\n<p><strong>Samsung Galaxy S3</strong>&nbsp;được c&agrave;i Hệ điều h&agrave;nh Android 4.0 Ice Cream Sandwich c&oacute; thể n&acirc;ng cấp l&ecirc;n Android&nbsp; 4.1 Jelly Bean. Nhờ bộ vi xử l&yacute; l&otilde;i tứ mạnh mẽ n&ecirc;n m&aacute;y c&oacute; thể chạy mượt m&agrave; phi&ecirc;n bản Hệ điều h&agrave;nh Android mới nhất n&agrave;y. Bạn c&oacute; thể tải về h&agrave;ng trăm ng&agrave;n ứng dụng hữu &iacute;ch từ kho ứng dụng trực tuyến Google Play cũng như nhiều ứng dụng tr&ecirc;n kho ứng dụng Samsung Apps.</p>\r\n\r\n<p><strong>Camera v&agrave; h&igrave;nh ảnh</strong></p>\r\n\r\n<p>M&aacute;y<strong>&nbsp;</strong>được trang bị camera 8 megapixel tự động lấy n&eacute;t, đ&egrave;n flash trợ s&aacute;ng c&ugrave;ng khả năng bắt h&igrave;nh cực nhanh. Bạn c&oacute; thể khởi động nhanh camera của Galaxy S3 tr&ecirc;n m&agrave;n h&igrave;nh kh&oacute;a bằng c&aacute;ch vuốt kh&oacute;a mở m&agrave;n h&igrave;nh v&agrave; xoay ngang m&aacute;y.</p>\r\n\r\n<p><img alt="camera samsung galaxy s3" src="./images/14088472873.jpg" style="height:467px; width:600px" /></p>\r\n\r\n<p><strong>Camera </strong>của <strong>S3</strong> lấy n&eacute;t tức thời sau khi chạm tay v&agrave;o n&uacute;t chụp h&igrave;nh n&ecirc;n bạn kh&oacute; c&oacute; thể bỏ lỡ khoảnh khắc n&agrave;o trong cuộc sống khi cầm tr&ecirc;n tay. Camera c&ograve;n cho ph&eacute;p bạn chụp 20 tấm h&igrave;nh li&ecirc;n tiếp (với tốc độ chụp 3.3 h&igrave;nh mỗi gi&acirc;y) v&agrave; chọn ra cho bạn tấm h&igrave;nh đẹp nhất.</p>\r\n\r\n<p>So với <strong>Galaxy S2</strong> th&igrave; camera của <strong>Samsung Galaxy S3</strong>&nbsp;kh&ocirc;ng tăng l&ecirc;n về số &ldquo;chấm&rdquo; nhưng chất lượng ảnh chụp từ <strong>Galaxy SIII </strong>cũng như những t&iacute;nh năng tiện &iacute;ch th&igrave; Galaxy SIII l&agrave;m tốt hơn người tiền nhiệm của m&igrave;nh rất nhiều. Galaxy SIII l&agrave; một trong những smartphone chụp h&igrave;nh nhanh v&agrave; đẹp nhất tr&ecirc;n thị trường hiện nay.</p>\r\n\r\n<p>M&aacute;y ảnh của<strong>&nbsp;S3</strong>&nbsp;c&oacute; khả năng ghi lại những đoạn phim<strong> full HD 1080p </strong>với độ ổn định khung h&igrave;nh cao ở 30 khung h&igrave;nh/gi&acirc;y.</p>\r\n\r\n<p>Mặt trước m&aacute;y l&agrave; camera phụ độ ph&acirc;n giải 1.9 megapixel quay video HD n&ecirc;n <strong>Samsung Galaxy S3</strong>&nbsp;l&agrave; một thiết bị l&yacute; tưởng để thực hiện c&aacute;c cuộc gọi video,những người th&acirc;n của bạn sẽ c&oacute; cảm gi&aacute;c bạn đang ở b&ecirc;n cạnh họ bởi chất lượng video độ n&eacute;t cao được ghi lại từ camera phụ của m&aacute;y.</p>\r\n\r\n<p><strong>Internet v&agrave; kết nối</strong></p>\r\n\r\n<p><img alt="samsung galaxy s3 internet" src="./images/1408847300t.jpg" style="height:400px; width:600px" /></p>\r\n\r\n<p>Tr&igrave;nh duyệt web tr&ecirc;n <strong>Samsung Galaxy S3</strong>l&agrave; tr&igrave;nh duyệt web mặc định của Hệ điều h&agrave;nh Android cho tốc độ duyệt web nhanh v&agrave; ổn định, c&aacute;c thao t&aacute;c cuộn trang, ph&oacute;ng to, thu nhỏ tr&ecirc;n trang web mượt m&agrave;. Tr&igrave;nh duyệt web tr&ecirc;n Galaxy SIII hỗ trợ full flash gi&uacute;p hiển thị nội dung flash tr&ecirc;n c&aacute;c trang web.</p>\r\n\r\n<p>M&aacute;y được trang bị đầy đủ c&aacute;c kết nối kh&ocirc;ng d&acirc;y mạnh mẽ: GPRS, EDGE v&agrave; kết nối 3G HSPA+ với tốc độ tải xuống l&ecirc;n đến 21Mbps, tốc độ tải l&ecirc;n l&agrave; 5.76 Mbps c&ugrave;ng trang bị kết nối mạng kh&ocirc;ng d&acirc;y wifi 4 chuẩn 802.11 a/b/g/n cho khả năng bắt s&oacute;ng wifi nhanh v&agrave; mạnh. Ngo&agrave;i ra chiếc điện thoại n&agrave;y cũng trang bị kết nối kh&ocirc;ng d&acirc;y bluetooth v4.0 cho khả năng truyền tải dữ liệu nhanh ch&oacute;ng. T&iacute;nh năng wifi hotspot cho ph&eacute;p người d&ugrave;ng biến Galaxy SIII th&agrave;nh một thiết bị ph&aacute;t wifi từ s&oacute;ng 3G để chia sẻ với c&aacute;c thiết bị bắt wifi: laptop, m&aacute;y t&iacute;nh bảng, điện thoại di đ&ocirc;ng.... Hỗ trợ t&iacute;nh năng USB on-the-go khi kết hợp c&ugrave;ng c&aacute;p USB on-the-go cho ph&eacute;p Galaxy SIII kết nối với c&aacute;c thiết bị kết nối qua cổng USB như&nbsp; USB, đầu đọc thẻ, chuột, b&agrave;n ph&iacute;m, tay cầm chơi game...</p>\r\n\r\n<p><strong>Samsung Galaxy S3</strong>&nbsp;hỗ trợ t&iacute;nh năng định vị to&agrave;n cầu GPS v&agrave; GLONASS &nbsp;c&ugrave;ng với bản đồ Google Map được c&agrave;i sẵn định vị ch&iacute;nh x&aacute;c vị tr&iacute; của bạn chỉ v&agrave;i gi&acirc;y sau khi khởi động bản đồ. M&aacute;y cũng được trang bị giao tiếp trường gần NFC đang dần trở n&ecirc;n phổ biến tr&ecirc;n smartphone với nhiều tiện &iacute;ch về truyền tải dữ liệu nhanh ch&oacute;ng hay thanh to&aacute;n h&oacute;a đơn mua sắm&hellip;</p>\r\n\r\n<p><strong>T&iacute;nh năng Giải tr&iacute;</strong></p>\r\n\r\n<p>M&agrave;n h&igrave;nh Super AMOLED HD hiển thị h&igrave;nh ảnh sống động, m&agrave;u sắc đẹp rực rỡ, thể hiện m&agrave;u đen rất s&acirc;u c&ugrave;ng khả năng giải m&atilde; được nhiều chuẩn video: MP4/DivX/XviD/WMV/H.264/H.263 cộng th&ecirc;m với m&agrave;n h&igrave;nh rộng 4.8 inch độ ph&acirc;n giải chuẩn HD, <strong>Samsung Galaxy S3</strong>I l&agrave; một thiết bị di động coi phim l&yacute; tưởng mang đến cho bạn những trải nghiệm xem Video HD tuyệt vời&nbsp; tr&ecirc;n m&agrave;n h&igrave;nh đẹp rực rỡ của m&aacute;y.</p>\r\n\r\n<p>Trang bị bộ vi xử l&iacute; l&otilde;i tứ 1.4 GHz Cortex-A9 c&ugrave;ng hệ thống tr&ecirc;n chip Exynos 4412 nổi tiếng của Samsung v&agrave; nh&acirc;n đồ họa Mali-400MP mạnh mẽ, Galaxy SIII chạy tốt c&aacute;c Game đồ họa nặng: Asphalt-6, Dungeon Hunter, Shrek KartTMHD...</p>\r\n\r\n<p><strong>Phần mềm hướng đến trải nghiệm người d&ugrave;ng</strong></p>\r\n\r\n<p><strong>S3</strong> ra đời nhằm mang lại trải nghiệm tốt nhất cho người d&ugrave;ng từ giao diện thi&ecirc;n nhi&ecirc;n của m&aacute;y cho đến những phần mềm tiện &iacute;ch k&egrave;m theo. Những phần mềm tiện &iacute;ch tr&ecirc;n S3 được ph&aacute;t triển d&agrave;nh ri&ecirc;ng cho m&aacute;y m&agrave; kh&ocirc;ng xuất hiện tr&ecirc;n bất k&igrave; một smarphone n&agrave;o kh&aacute;c.</p>\r\n\r\n<p><strong>Smart Stay</strong>: t&iacute;nh năng sử dụng camera phụ của m&aacute;y theo d&otilde;i trạng th&aacute;i mắt người d&ugrave;ng. Khi bạn đang đọc s&aacute;ch điện tử, duyệt web&hellip;m&agrave;n h&igrave;nh m&aacute;y sẽ s&aacute;ng li&ecirc;n tục cho đến khi bạn nhắm mắt v&agrave; ch&igrave;m v&agrave;o giấc ngủ th&igrave; Galaxy SIII cũng sẽ tự động tắt m&agrave;n h&igrave;nh v&agrave; đi v&agrave;o giấc ngủ c&ugrave;ng bạn.</p>\r\n\r\n<p><img alt="" src="./images/1408847312y.jpg" style="height:354px; width:600px" /></p>\r\n\r\n<p><strong>Direct Call:</strong> khi một tin nhắn đang đến, bạn mở tin nhắn ra đọc v&agrave; soạn thảo tin nhắn trả lời rồi chợt muốn gọi điện đến người m&agrave; bạn đang nhắn tin c&ugrave;ng. Thay v&igrave; phải đi qua nhiều thao t&aacute;c v&agrave;o danh bạ, lục t&igrave;m danh bạ của người đ&oacute; rồi nhấn gọi th&igrave; bạn chỉ cần &aacute;p m&aacute;y l&ecirc;n tai, <strong>Galaxy SIII</strong> sẽ tự động quay số đến người m&agrave; bạn đang cần gọi.</p>\r\n\r\n<p><strong>S Beam:</strong> t&iacute;nh năng sử dụng giao tiếp trường gần NFC v&agrave; Wifi Direct để truyền dữ liệu giữa 2 m&aacute;y Galaxy SIII với nhau. Bạn chỉ cần &aacute;p lưng 2 chiếc Galaxy SIII v&agrave;o nhau v&agrave; chạm v&agrave;o tập tin m&agrave; m&igrave;nh muốn chia sẻ, dữ liệu sẽ nhanh ch&oacute;ng được truyền đi.</p>\r\n\r\n<p><img alt="S Beam" src="./images/1408847322m.jpg" style="height:433px; width:600px" /></p>\r\n\r\n<p><strong>S Voice:</strong> t&iacute;nh năng điều khiển bằng giọng n&oacute;i gi&uacute;p bạn nhanh ch&oacute;ng đ&aacute;nh thức m&aacute;y bằng c&acirc;u lệnh: &ldquo;Hi Galaxy&rdquo;&nbsp; cũng như thực hiện c&aacute;c t&aacute;c vụ: y&ecirc;u cầu b&agrave;i h&aacute;t, gửi email, tin nhắn, tăng giảm &acirc;m lượng, khởi động camera&hellip;th&ocirc;ng qua giọng n&oacute;i m&agrave; kh&ocirc;ng cần thao t&aacute;c trực tiếp tr&ecirc;n m&agrave;n h&igrave;nh.</p>\r\n\r\n<p><img alt="S Voice" src="./images/1408847332e.jpg" style="height:363px; width:580px" /></p>\r\n\r\n<p><strong>Pop Up Play:</strong> t&iacute;nh năng cho ph&eacute;p bạn chia m&agrave;n h&igrave;nh <strong>Samsung Galaxy S3</strong>&nbsp;ra l&agrave;m 2 phần để vừa c&oacute; thể xem video vừa lướt web, nhắn tin, chơi game&hellip; rất tiện dụng.</p>\r\n\r\n<p><img alt="Pop Up Play" src="./images/1408847349y.jpg" style="height:410px; width:500px" /></p>\r\n\r\n<p><strong>Pin v&agrave; bộ nhớ</strong></p>\r\n\r\n<p><strong>Samsung Galaxy SIII</strong> được trang bị vi&ecirc;n pin dung lượng khủng&nbsp; 2100 mAh cho thời gian đ&agrave;m thoại l&ecirc;n đến 21 giờ 40 ph&uacute;t tr&ecirc;n mạng 2G v&agrave; 11h 40 ph&uacute;t tr&ecirc;n mạng 3G. D&ugrave; l&agrave; một smartphone l&otilde;i tứ nhưng với nguồn pin dung lượng cao Galaxy SIII cho thời gian sử dụng kh&aacute; l&acirc;u,<strong> S3</strong> ho&agrave;n to&agrave;n c&oacute; thể c&ugrave;ng bạn vượt qua một ng&agrave;y bận rộn với nhiều hoạt động tr&ecirc;n m&aacute;y: nghe gọi, nhắn tin, chụp h&igrave;nh quay phim full HD, lướt web tr&ecirc;n nền mạng 3G, chơi Game đồ họa nặng, xem video HD&hellip;với tần suất cao cho đến cuối ng&agrave;y mới cần phải cắm sạc. Sử dụng vi&ecirc;n pin c&oacute; thể th&aacute;o rời n&ecirc;n bạn c&oacute; thể trang bị cho m&aacute;y một vi&ecirc;n pin dự ph&ograve;ng v&agrave; c&oacute; thể thay thế v&agrave;o bất k&igrave; thời điểm n&agrave;o khi m&aacute;y hết pin m&agrave; bạn kh&ocirc;ng mang theo sạc b&ecirc;n m&igrave;nh.</p>\r\n', '<p>s</p>\n\n<p><br />\n&nbsp; &nbsp; &nbsp; &nbsp; &nbsp; &nbsp; &nbsp; &nbsp; &nbsp;<br />\n&nbsp; &nbsp; &nbsp; &nbsp; &nbsp; &nbsp; &nbsp; &nbsp; &nbsp; &nbsp;&acirc;ss<br />\n&nbsp;&nbsp; &nbsp;&nbsp;&nbsp; &nbsp;&nbsp;&nbsp; &nbsp;&nbsp;&nbsp; &nbsp;&nbsp;&nbsp; &nbsp;&nbsp;&nbsp; &nbsp;&nbsp;&nbsp; &nbsp;&nbsp;&nbsp; &nbsp;<br />\n&nbsp;&nbsp; &nbsp;&nbsp;&nbsp; &nbsp;&nbsp;&nbsp; &nbsp;&nbsp;&nbsp; &nbsp;&nbsp;&nbsp; &nbsp;&nbsp;&nbsp; &nbsp;&nbsp;&nbsp; &nbsp;&nbsp;&nbsp; &nbsp;<br />\n&nbsp;&nbsp; &nbsp;&nbsp;&nbsp; &nbsp;&nbsp;&nbsp; &nbsp;&nbsp;&nbsp; &nbsp;&nbsp;&nbsp; &nbsp;&nbsp;&nbsp; &nbsp;&nbsp;&nbsp; &nbsp;&nbsp;&nbsp; &nbsp;&nbsp;&nbsp; &nbsp;<br />\n&nbsp;&nbsp; &nbsp;&nbsp;&nbsp; &nbsp;&nbsp;&nbsp; &nbsp;&nbsp;&nbsp; &nbsp;&nbsp;&nbsp; &nbsp;&nbsp;&nbsp; &nbsp;&nbsp;&nbsp; &nbsp;&nbsp;&nbsp; &nbsp;&nbsp;&nbsp; &nbsp;<br />\n&nbsp;&nbsp; &nbsp;&nbsp;&nbsp; &nbsp;&nbsp;&nbsp; &nbsp;&nbsp;&nbsp; &nbsp;&nbsp;&nbsp; &nbsp;&nbsp;&nbsp; &nbsp;&nbsp;&nbsp; &nbsp;&nbsp;&nbsp; &nbsp;<br />\n&nbsp;&nbsp; &nbsp;&nbsp;&nbsp; &nbsp;&nbsp;&nbsp; &nbsp;&nbsp;&nbsp; &nbsp;&nbsp;&nbsp; &nbsp;&nbsp;&nbsp; &nbsp;&nbsp;&nbsp; &nbsp;&nbsp;&nbsp; &nbsp;<br />\n&nbsp;&nbsp; &nbsp;&nbsp;&nbsp; &nbsp;&nbsp;&nbsp; &nbsp;&nbsp;&nbsp; &nbsp;&nbsp;&nbsp; &nbsp;&nbsp;&nbsp; &nbsp;&nbsp;&nbsp; &nbsp;&nbsp;&nbsp; &nbsp;<br />\n&nbsp;&nbsp; &nbsp;&nbsp;&nbsp; &nbsp;&nbsp;&nbsp; &nbsp;&nbsp;&nbsp; &nbsp;&nbsp;&nbsp; &nbsp;&nbsp;&nbsp; &nbsp;&nbsp;&nbsp; &nbsp;&nbsp;&nbsp; &nbsp;&nbsp;&nbsp; &nbsp;<br />\n&nbsp;&nbsp; &nbsp;&nbsp;&nbsp; &nbsp;&nbsp;&nbsp; &nbsp;&nbsp;&nbsp; &nbsp;&nbsp;&nbsp; &nbsp;&nbsp;&nbsp; &nbsp;&nbsp;&nbsp; &nbsp;&nbsp;&nbsp; &nbsp;&nbsp;&nbsp; &nbsp;<br />\n&nbsp;&nbsp; &nbsp;&nbsp;&nbsp; &nbsp;&nbsp;&nbsp; &nbsp;&nbsp;&nbsp; &nbsp;&nbsp;&nbsp; &nbsp;&nbsp;&nbsp; &nbsp;&nbsp;&nbsp; &nbsp;&nbsp;&nbsp; &nbsp;<br />\n&nbsp;&nbsp; &nbsp;&nbsp;&nbsp; &nbsp;&nbsp;&nbsp; &nbsp;&nbsp;&nbsp; &nbsp;&nbsp;&nbsp; &nbsp;&nbsp;&nbsp; &nbsp;&nbsp;&nbsp; &nbsp;&nbsp;&nbsp; &nbsp;<br />\n&nbsp;&nbsp; &nbsp;&nbsp;&nbsp; &nbsp;&nbsp;&nbsp; &nbsp;&nbsp;&nbsp; &nbsp;&nbsp;&nbsp; &nbsp;&nbsp;&nbsp; &nbsp;&nbsp;&nbsp; &nbsp;&nbsp;&nbsp; &nbsp;<br />\n&nbsp;&nbsp; &nbsp;&nbsp;&nbsp; &nbsp;&nbsp;&nbsp; &nbsp;&nbsp;&nbsp; &nbsp;&nbsp;&nbsp; &nbsp;&nbsp;&nbsp; &nbsp;&nbsp;&nbsp; &nbsp;&nbsp;&nbsp; &nbsp;&nbsp;&nbsp; &nbsp;<br />\n&nbsp;&nbsp; &nbsp;&nbsp;&nbsp; &nbsp;&nbsp;&nbsp; &nbsp;&nbsp;&nbsp; &nbsp;&nbsp;&nbsp; &nbsp;&nbsp;&nbsp; &nbsp;&nbsp;&nbsp; &nbsp;&nbsp;&nbsp; &nbsp;&nbsp;&nbsp; &nbsp;<br />\n&nbsp;&nbsp; &nbsp;&nbsp;&nbsp; &nbsp;&nbsp;&nbsp; &nbsp;&nbsp;&nbsp; &nbsp;&nbsp;&nbsp; &nbsp;&nbsp;&nbsp; &nbsp;&nbsp;&nbsp; &nbsp;&nbsp;&nbsp; &nbsp;<br />\n&nbsp;&nbsp; &nbsp;&nbsp;&nbsp; &nbsp;&nbsp;&nbsp; &nbsp;&nbsp;&nbsp; &nbsp;&nbsp;&nbsp; &nbsp;&nbsp;&nbsp; &nbsp;&nbsp;&nbsp; &nbsp;&nbsp;&nbsp; &nbsp;<br />\n&nbsp;&nbsp; &nbsp;&nbsp;&nbsp; &nbsp;&nbsp;&nbsp; &nbsp;&nbsp;&nbsp; &nbsp;&nbsp;&nbsp; &nbsp;&nbsp;&nbsp; &nbsp;&nbsp;&nbsp; &nbsp;&nbsp;&nbsp; &nbsp;<br />\n&nbsp;&nbsp; &nbsp;&nbsp;&nbsp; &nbsp;&nbsp;&nbsp; &nbsp;&nbsp;&nbsp; &nbsp;&nbsp;&nbsp; &nbsp;&nbsp;&nbsp; &nbsp;&nbsp;&nbsp; &nbsp;&nbsp;&nbsp; &nbsp;&nbsp;&nbsp; &nbsp;<br />\n&nbsp;&nbsp; &nbsp;&nbsp;&nbsp; &nbsp;&nbsp;&nbsp; &nbsp;&nbsp;&nbsp; &nbsp;&nbsp;&nbsp; &nbsp;&nbsp;&nbsp; &nbsp;&nbsp;&nbsp; &nbsp;&nbsp;&nbsp; &nbsp;&nbsp;&nbsp; &nbsp;<br />\n&nbsp;&nbsp; &nbsp;&nbsp;&nbsp; &nbsp;&nbsp;&nbsp; &nbsp;&nbsp;&nbsp; &nbsp;&nbsp;&nbsp; &nbsp;&nbsp;&nbsp; &nbsp;&nbsp;&nbsp; &nbsp;&nbsp;&nbsp; &nbsp;<br />\n&nbsp;&nbsp; &nbsp;&nbsp;&nbsp; &nbsp;&nbsp;&nbsp; &nbsp;&nbsp;&nbsp; &nbsp;&nbsp;&nbsp; &nbsp;&nbsp;&nbsp; &nbsp;&nbsp;&nbsp; &nbsp;&nbsp;&nbsp; &nbsp;<br />\n&nbsp;&nbsp; &nbsp;&nbsp;&nbsp; &nbsp;&nbsp;&nbsp; &nbsp;&nbsp;&nbsp; &nbsp;&nbsp;&nbsp; &nbsp;&nbsp;&nbsp; &nbsp;&nbsp;&nbsp; &nbsp;&nbsp;&nbsp; &nbsp;<br />\n&nbsp;&nbsp; &nbsp;&nbsp;&nbsp; &nbsp;&nbsp;&nbsp; &nbsp;&nbsp;&nbsp; &nbsp;&nbsp;&nbsp; &nbsp;&nbsp;&nbsp; &nbsp;&nbsp;&nbsp; &nbsp;&nbsp;&nbsp; &nbsp;&nbsp;&nbsp; &nbsp;<br />\n&nbsp;&nbsp; &nbsp;&nbsp;&nbsp; &nbsp;&nbsp;&nbsp; &nbsp;&nbsp;&nbsp; &nbsp;&nbsp;&nbsp; &nbsp;&nbsp;&nbsp; &nbsp;&nbsp;&nbsp; &nbsp;&nbsp;&nbsp; &nbsp;&nbsp;&nbsp; &nbsp;<br />\n&nbsp;&nbsp; &nbsp;&nbsp;&nbsp; &nbsp;&nbsp;&nbsp; &nbsp;&nbsp;&nbsp; &nbsp;&nbsp;&nbsp; &nbsp;&nbsp;&nbsp; &nbsp;&nbsp;&nbsp; &nbsp;&nbsp;&nbsp; &nbsp;<br />\n&nbsp;&nbsp; &nbsp;&nbsp;&nbsp; &nbsp;&nbsp;&nbsp; &nbsp;&nbsp;&nbsp; &nbsp;&nbsp;&nbsp; &nbsp;&nbsp;&nbsp; &nbsp;&nbsp;&nbsp; &nbsp;&nbsp;&nbsp; &nbsp;<br />\n&nbsp;&nbsp; &nbsp;&nbsp;&nbsp; &nbsp;&nbsp;&nbsp; &nbsp;&nbsp;&nbsp; &nbsp;&nbsp;&nbsp; &nbsp;&nbsp;&nbsp; &nbsp;&nbsp;&nbsp; &nbsp;&nbsp;&nbsp; &nbsp;<br />\n&nbsp;&nbsp; &nbsp;&nbsp;&nbsp; &nbsp;&nbsp;&nbsp; &nbsp;&nbsp;&nbsp; &nbsp;&nbsp;&nbsp; &nbsp;&nbsp;&nbsp; &nbsp;&nbsp;&nbsp; &nbsp;&nbsp;&nbsp; &nbsp;&nbsp;&nbsp; &nbsp;<br />\n&nbsp;&nbsp; &nbsp;&nbsp;&nbsp; &nbsp;&nbsp;&nbsp; &nbsp;&nbsp;&nbsp; &nbsp;&nbsp;&nbsp; &nbsp;&nbsp;&nbsp; &nbsp;&nbsp;&nbsp; &nbsp;&nbsp;&nbsp; &nbsp;&nbsp;&nbsp; &nbsp;<br />\n&nbsp;&nbsp; &nbsp;&nbsp;&nbsp; &nbsp;&nbsp;&nbsp; &nbsp;&nbsp;&nbsp; &nbsp;&nbsp;&nbsp; &nbsp;&nbsp;&nbsp; &nbsp;&nbsp;&nbsp; &nbsp;&nbsp;&nbsp; &nbsp;<br />\n&nbsp;&nbsp; &nbsp;&nbsp;&nbsp; &nbsp;&nbsp;&nbsp; &nbsp;&nbsp;&nbsp; &nbsp;&nbsp;&nbsp; &nbsp;&nbsp;&nbsp; &nbsp;&nbsp;&nbsp; &nbsp;&nbsp;&nbsp; &nbsp;<br />\n&nbsp;&nbsp; &nbsp;&nbsp;&nbsp; &nbsp;&nbsp;&nbsp; &nbsp;&nbsp;&nbsp; &nbsp;&nbsp;&nbsp; &nbsp;&nbsp;&nbsp; &nbsp;&nbsp;&nbsp; &nbsp;&nbsp;&nbsp; &nbsp;<br />\n&nbsp;&nbsp; &nbsp;&nbsp;&nbsp; &nbsp;&nbsp;&nbsp; &nbsp;&nbsp;&nbsp; &nbsp;&nbsp;&nbsp; &nbsp;&nbsp;&nbsp; &nbsp;&nbsp;&nbsp; &nbsp;&nbsp;&nbsp; &nbsp;&nbsp;&nbsp; &nbsp;<br />\n&nbsp;&nbsp; &nbsp;&nbsp;&nbsp; &nbsp;&nbsp;&nbsp; &nbsp;&nbsp;&nbsp; &nbsp;&nbsp;&nbsp; &nbsp;&nbsp;&nbsp; &nbsp;&nbsp;&nbsp; &nbsp;&nbsp;&nbsp; &nbsp;&nbsp;&nbsp; &nbsp;<br />\n&nbsp;&nbsp; &nbsp;&nbsp;&nbsp; &nbsp;&nbsp;&nbsp; &nbsp;&nbsp;&nbsp; &nbsp;&nbsp;&nbsp; &nbsp;&nbsp;&nbsp; &nbsp;&nbsp;&nbsp; &nbsp;&nbsp;&nbsp; &nbsp;<br />\n&nbsp;&nbsp; &nbsp;&nbsp;&nbsp; &nbsp;&nbsp;&nbsp; &nbsp;&nbsp;&nbsp; &nbsp;&nbsp;&nbsp; &nbsp;&nbsp;&nbsp; &nbsp;&nbsp;&nbsp; &nbsp;&nbsp;&nbsp; &nbsp;<br />\n&nbsp;&nbsp; &nbsp;&nbsp;&nbsp; &nbsp;&nbsp;&nbsp; &nbsp;&nbsp;&nbsp; &nbsp;&nbsp;&nbsp; &nbsp;&nbsp;&nbsp; &nbsp;&nbsp;&nbsp; &nbsp;&nbsp;&nbsp; &nbsp;<br />\n&nbsp;&nbsp; &nbsp;&nbsp;&nbsp; &nbsp;&nbsp;&nbsp; &nbsp;&nbsp;&nbsp; &nbsp;&nbsp;&nbsp; &nbsp;&nbsp;&nbsp; &nbsp;&nbsp;&nbsp; &nbsp;&nbsp;&nbsp; &nbsp;&nbsp;&nbsp; &nbsp;<br />\n&nbsp;&nbsp; &nbsp;&nbsp;&nbsp; &nbsp;&nbsp;&nbsp; &nbsp;&nbsp;&nbsp; &nbsp;&nbsp;&nbsp; &nbsp;&nbsp;&nbsp; &nbsp;&nbsp;&nbsp; &nbsp;&nbsp;&nbsp; &nbsp;&nbsp;&nbsp; &nbsp;<br />\n&nbsp;&nbsp; &nbsp;&nbsp;&nbsp; &nbsp;&nbsp;&nbsp; &nbsp;&nbsp;&nbsp; &nbsp;&nbsp;&nbsp; &nbsp;&nbsp;&nbsp; &nbsp;&nbsp;&nbsp; &nbsp;&nbsp;&nbsp; &nbsp;<br />\n&nbsp;&nbsp; &nbsp;&nbsp;&nbsp; &nbsp;&nbsp;&nbsp; &nbsp;&nbsp;&nbsp; &nbsp;&nbsp;&nbsp; &nbsp;&nbsp;&nbsp; &nbsp;&nbsp;&nbsp; &nbsp;&nbsp;&nbsp; &nbsp;<br />\n&nbsp;&nbsp; &nbsp;&nbsp;&nbsp; &nbsp;&nbsp;&nbsp; &nbsp;&nbsp;&nbsp; &nbsp;&nbsp;&nbsp; &nbsp;&nbsp;&nbsp; &nbsp;&nbsp;&nbsp; &nbsp;&nbsp;&nbsp; &nbsp;<br />\n&nbsp;&nbsp; &nbsp;&nbsp;&nbsp; &nbsp;&nbsp;&nbsp; &nbsp;&nbsp;&nbsp; &nbsp;&nbsp;&nbsp; &nbsp;&nbsp;&nbsp; &nbsp;&nbsp;&nbsp; &nbsp;&nbsp;&nbsp; &nbsp;&nbsp;&nbsp; &nbsp;<br />\n&nbsp;&nbsp; &nbsp;&nbsp;&nbsp; &nbsp;&nbsp;&nbsp; &nbsp;&nbsp;&nbsp; &nbsp;&nbsp;&nbsp; &nbsp;&nbsp;&nbsp; &nbsp;&nbsp;&nbsp; &nbsp;&nbsp;&nbsp; &nbsp;&nbsp;&nbsp; &nbsp;<br />\n&nbsp;&nbsp; &nbsp;&nbsp;&nbsp; &nbsp;&nbsp;&nbsp; &nbsp;&nbsp;&nbsp; &nbsp;&nbsp;&nbsp; &nbsp;&nbsp;&nbsp; &nbsp;&nbsp;&nbsp; &nbsp;&nbsp;&nbsp; &nbsp;<br />\n&nbsp;&nbsp; &nbsp;&nbsp;&nbsp; &nbsp;&nbsp;&nbsp; &nbsp;&nbsp;&nbsp; &nbsp;&nbsp;&nbsp; &nbsp;&nbsp;&nbsp; &nbsp;&nbsp;&nbsp; &nbsp;&nbsp;&nbsp; &nbsp;<br />\n&nbsp;&nbsp; &nbsp;&nbsp;&nbsp; &nbsp;&nbsp;&nbsp; &nbsp;&nbsp;&nbsp; &nbsp;&nbsp;&nbsp; &nbsp;&nbsp;&nbsp; &nbsp;&nbsp;&nbsp; &nbsp;&nbsp;&nbsp; &nbsp;<br />\n&nbsp;&nbsp; &nbsp;&nbsp;&nbsp; &nbsp;&nbsp;&nbsp; &nbsp;&nbsp;&nbsp; &nbsp;&nbsp;&nbsp; &nbsp;&nbsp;&nbsp; &nbsp;&nbsp;&nbsp; &nbsp;&nbsp;&nbsp; &nbsp;&nbsp;&nbsp; &nbsp;<br />\n&nbsp;&nbsp; &nbsp;&nbsp;&nbsp; &nbsp;&nbsp;&nbsp; &nbsp;&nbsp;&nbsp; &nbsp;&nbsp;&nbsp; &nbsp;&nbsp;&nbsp; &nbsp;&nbsp;&nbsp; &nbsp;&nbsp;&nbsp; &nbsp;&nbsp;&nbsp; &nbsp;<br />\n&nbsp;&nbsp; &nbsp;&nbsp;&nbsp; &nbsp;&nbsp;&nbsp; &nbsp;&nbsp;&nbsp; &nbsp;&nbsp;&nbsp; &nbsp;&nbsp;&nbsp; &nbsp;&nbsp;&nbsp; &nbsp;&nbsp;&nbsp; &nbsp;<br />\n&nbsp;&nbsp; &nbsp;&nbsp;&nbsp; &nbsp;&nbsp;&nbsp; &nbsp;&nbsp;&nbsp; &nbsp;&nbsp;&nbsp; &nbsp;&nbsp;&nbsp; &nbsp;&nbsp;&nbsp; &nbsp;&nbsp;&nbsp; &nbsp;<br />\n&nbsp;&nbsp; &nbsp;&nbsp;&nbsp; &nbsp;&nbsp;&nbsp; &nbsp;&nbsp;&nbsp; &nbsp;&nbsp;&nbsp; &nbsp;&nbsp;&nbsp; &nbsp;&nbsp;&nbsp; &nbsp;&nbsp;&nbsp; &nbsp;<br />\n&nbsp;&nbsp; &nbsp;&nbsp;&nbsp; &nbsp;&nbsp;&nbsp; &nbsp;&nbsp;&nbsp; &nbsp;&nbsp;&nbsp; &nbsp;&nbsp;&nbsp; &nbsp;&nbsp;&nbsp; &nbsp;&nbsp;&nbsp; &nbsp;&nbsp;&nbsp; &nbsp;<br />\n&nbsp;&nbsp; &nbsp;&nbsp;&nbsp; &nbsp;&nbsp;&nbsp; &nbsp;&nbsp;&nbsp; &nbsp;&nbsp;&nbsp; &nbsp;&nbsp;&nbsp; &nbsp;&nbsp;&nbsp; &nbsp;&nbsp;&nbsp; &nbsp;&nbsp;&nbsp; &nbsp;<br />\n&nbsp;&nbsp; &nbsp;&nbsp;&nbsp; &nbsp;&nbsp;&nbsp; &nbsp;&nbsp;&nbsp; &nbsp;&nbsp;&nbsp; &nbsp;&nbsp;&nbsp; &nbsp;&nbsp;&nbsp; &nbsp;&nbsp;&nbsp; &nbsp;<br />\n&nbsp;&nbsp; &nbsp;&nbsp;&nbsp; &nbsp;&nbsp;&nbsp; &nbsp;&nbsp;&nbsp; &nbsp;&nbsp;&nbsp; &nbsp;&nbsp;&nbsp; &nbsp;&nbsp;&nbsp; &nbsp;&nbsp;&nbsp; &nbsp;<br />\n&nbsp;&nbsp; &nbsp;&nbsp;&nbsp; &nbsp;&nbsp;&nbsp; &nbsp;&nbsp;&nbsp; &nbsp;&nbsp;&nbsp; &nbsp;&nbsp;&nbsp; &nbsp;&nbsp;&nbsp; &nbsp;&nbsp;&nbsp; &nbsp;<br />\n&nbsp;&nbsp; &nbsp;&nbsp;&nbsp; &nbsp;&nbsp;&nbsp; &nbsp;&nbsp;&nbsp; &nbsp;&nbsp;&nbsp; &nbsp;&nbsp;&nbsp; &nbsp;&nbsp;&nbsp; &nbsp;&nbsp;&nbsp; &nbsp;&nbsp;&nbsp; &nbsp;<br />\n&nbsp;&nbsp; &nbsp;&nbsp;&nbsp; &nbsp;&nbsp;&nbsp; &nbsp;&nbsp;&nbsp; &nbsp;&nbsp;&nbsp; &nbsp;&nbsp;&nbsp; &nbsp;&nbsp;&nbsp; &nbsp;&nbsp;&nbsp; &nbsp;&nbsp;&nbsp; &nbsp;<br />\n&nbsp;&nbsp; &nbsp;&nbsp;&nbsp; &nbsp;&nbsp;&nbsp; &nbsp;&nbsp;&nbsp; &nbsp;&nbsp;&nbsp; &nbsp;&nbsp;&nbsp; &nbsp;&nbsp;&nbsp; &nbsp;&nbsp;&nbsp; &nbsp;<br />\n&nbsp;&nbsp; &nbsp;&nbsp;&nbsp; &nbsp;&nbsp;&nbsp; &nbsp;&nbsp;&nbsp; &nbsp;&nbsp;&nbsp; &nbsp;&nbsp;&nbsp; &nbsp;&nbsp;&nbsp; &nbsp;&nbsp;&nbsp; &nbsp;<br />\n&nbsp;&nbsp; &nbsp;&nbsp;&nbsp; &nbsp;&nbsp;&nbsp; &nbsp;&nbsp;&nbsp; &nbsp;&nbsp;&nbsp; &nbsp;&nbsp;&nbsp; &nbsp;&nbsp;&nbsp; &nbsp;&nbsp;&nbsp; &nbsp;<br />\n&nbsp;&nbsp; &nbsp;&nbsp;&nbsp; &nbsp;&nbsp;&nbsp; &nbsp;&nbsp;&nbsp; &nbsp;&nbsp;&nbsp; &nbsp;&nbsp;&nbsp; &nbsp;&nbsp;&nbsp; &nbsp;&nbsp;&nbsp; &nbsp;&nbsp;&nbsp; &nbsp;<br />\n&nbsp;&nbsp; &nbsp;&nbsp;&nbsp; &nbsp;&nbsp;&nbsp; &nbsp;&nbsp;&nbsp; &nbsp;&nbsp;&nbsp; &nbsp;&nbsp;&nbsp; &nbsp;&nbsp;&nbsp; &nbsp;&nbsp;&nbsp; &nbsp;&nbsp;&nbsp; &nbsp;<br />\n&nbsp;&nbsp; &nbsp;&nbsp;&nbsp; &nbsp;&nbsp;&nbsp; &nbsp;&nbsp;&nbsp; &nbsp;&nbsp;&nbsp; &nbsp;&nbsp;&nbsp; &nbsp;&nbsp;&nbsp; &nbsp;&nbsp;&nbsp; &nbsp;<br />\n&nbsp;&nbsp; &nbsp;&nbsp;&nbsp; &nbsp;&nbsp;&nbsp; &nbsp;&nbsp;&nbsp; &nbsp;&nbsp;&nbsp; &nbsp;&nbsp;&nbsp; &nbsp;&nbsp;&nbsp; &nbsp;&nbsp;&nbsp; &nbsp;<br />\n&nbsp;&nbsp; &nbsp;&nbsp;&nbsp; &nbsp;&nbsp;&nbsp; &nbsp;&nbsp;&nbsp; &nbsp;&nbsp;&nbsp; &nbsp;&nbsp;&nbsp; &nbsp;&nbsp;&nbsp; &nbsp;&nbsp;&nbsp; &nbsp;<br />\n&nbsp;&nbsp; &nbsp;&nbsp;&nbsp; &nbsp;&nbsp;&nbsp; &nbsp;&nbsp;&nbsp; &nbsp;&nbsp;&nbsp; &nbsp;&nbsp;&nbsp; &nbsp;&nbsp;&nbsp; &nbsp;&nbsp;&nbsp; &nbsp;&nbsp;&nbsp; &nbsp;<br />\n&nbsp;&nbsp; &nbsp;&nbsp;&nbsp; &nbsp;&nbsp;&nbsp; &nbsp;&nbsp;&nbsp; &nbsp;&nbsp;&nbsp; &nbsp;&nbsp;&nbsp; &nbsp;&nbsp;&nbsp; &nbsp;&nbsp;&nbsp; &nbsp;&nbsp;&nbsp; &nbsp;<br />\n&nbsp;&nbsp; &nbsp;&nbsp;&nbsp; &nbsp;&nbsp;&nbsp; &nbsp;&nbsp;&nbsp; &nbsp;&nbsp;&nbsp; &nbsp;&nbsp;&nbsp; &nbsp;&nbsp;&nbsp; &nbsp;&nbsp;&nbsp; &nbsp;<br />\n&nbsp;&nbsp; &nbsp;&nbsp;&nbsp; &nbsp;&nbsp;&nbsp; &nbsp;&nbsp;&nbsp; &nbsp;&nbsp;&nbsp; &nbsp;&nbsp;&nbsp; &nbsp;&nbsp;&nbsp; &nbsp;&nbsp;&nbsp; &nbsp;<br />\n&nbsp;&nbsp; &nbsp;&nbsp;&nbsp; &nbsp;&nbsp;&nbsp; &nbsp;&nbsp;&nbsp; &nbsp;&nbsp;&nbsp; &nbsp;&nbsp;&nbsp; &nbsp;&nbsp;&nbsp; &nbsp;&nbsp;&nbsp; &nbsp;<br />\n&nbsp;&nbsp; &nbsp;&nbsp;&nbsp; &nbsp;&nbsp;&nbsp; &nbsp;&nbsp;&nbsp; &nbsp;&nbsp;&nbsp; &nbsp;&nbsp;&nbsp; &nbsp;&nbsp;&nbsp; &nbsp;&nbsp;&nbsp; &nbsp;&nbsp;&nbsp; &nbsp;<br />\n&nbsp;&nbsp; &nbsp;&nbsp;&nbsp; &nbsp;&nbsp;&nbsp; &nbsp;&nbsp;&nbsp; &nbsp;&nbsp;&nbsp; &nbsp;&nbsp;&nbsp; &nbsp;&nbsp;&nbsp; &nbsp;&nbsp;&nbsp; &nbsp;&nbsp;&nbsp; &nbsp;<br />\n&nbsp;&nbsp; &nbsp;&nbsp;&nbsp; &nbsp;&nbsp;&nbsp; &nbsp;&nbsp;&nbsp; &nbsp;&nbsp;&nbsp; &nbsp;&nbsp;&nbsp; &nbsp;&nbsp;&nbsp; &nbsp;&nbsp;&nbsp; &nbsp;<br />\n&nbsp;&nbsp; &nbsp;&nbsp;&nbsp; &nbsp;&nbsp;&nbsp; &nbsp;&nbsp;&nbsp; &nbsp;&nbsp;&nbsp; &nbsp;&nbsp;&nbsp; &nbsp;&nbsp;&nbsp; &nbsp;&nbsp;&nbsp; &nbsp;<br />\n&nbsp;&nbsp; &nbsp;&nbsp;&nbsp; &nbsp;&nbsp;&nbsp; &nbsp;&nbsp;&nbsp; &nbsp;&nbsp;&nbsp; &nbsp;&nbsp;&nbsp; &nbsp;&nbsp;&nbsp; &nbsp;&nbsp;&nbsp; &nbsp;<br />\n&nbsp;&nbsp; &nbsp;&nbsp;&nbsp; &nbsp;&nbsp;&nbsp; &nbsp;&nbsp;&nbsp; &nbsp;&nbsp;&nbsp; &nbsp;&nbsp;&nbsp; &nbsp;&nbsp;&nbsp; &nbsp;&nbsp;&nbsp; &nbsp;&nbsp;&nbsp; &nbsp;<br />\n&nbsp;&nbsp; &nbsp;&nbsp;&nbsp; &nbsp;&nbsp;&nbsp; &nbsp;&nbsp;&nbsp; &nbsp;&nbsp;&nbsp; &nbsp;&nbsp;&nbsp; &nbsp;&nbsp;&nbsp; &nbsp;&nbsp;&nbsp; &nbsp;&nbsp;&nbsp; &nbsp;<br />\n&nbsp;&nbsp; &nbsp;&nbsp;&nbsp; &nbsp;&nbsp;&nbsp; &nbsp;&nbsp;&nbsp; &nbsp;&nbsp;&nbsp; &nbsp;&nbsp;&nbsp; &nbsp;&nbsp;&nbsp; &nbsp;&nbsp;&nbsp; &nbsp;<br />\n&nbsp;&nbsp; &nbsp;&nbsp;&nbsp; &nbsp;&nbsp;&nbsp; &nbsp;&nbsp;&nbsp; &nbsp;&nbsp;&nbsp; &nbsp;&nbsp;&nbsp; &nbsp;&nbsp;&nbsp; &nbsp;&nbsp;&nbsp; &nbsp;<br />\n&nbsp;&nbsp; &nbsp;&nbsp;&nbsp; &nbsp;&nbsp;&nbsp; &nbsp;&nbsp;&nbsp; &nbsp;&nbsp;&nbsp; &nbsp;&nbsp;&nbsp; &nbsp;&nbsp;&nbsp; &nbsp;&nbsp;&nbsp; &nbsp;<br />\n&nbsp;&nbsp; &nbsp;&nbsp;&nbsp; &nbsp;&nbsp;&nbsp; &nbsp;&nbsp;&nbsp; &nbsp;&nbsp;&nbsp; &nbsp;&nbsp;&nbsp; &nbsp;&nbsp;&nbsp; &nbsp;&nbsp;&nbsp; &nbsp;&nbsp;&nbsp; &nbsp;<br />\n&nbsp;&nbsp; &nbsp;&nbsp;&nbsp; &nbsp;&nbsp;&nbsp; &nbsp;&nbsp;&nbsp; &nbsp;&nbsp;&nbsp; &nbsp;&nbsp;&nbsp; &nbsp;&nbsp;&nbsp; &nbsp;&nbsp;&nbsp; &nbsp;&nbsp;&nbsp; &nbsp;<br />\n&nbsp;&nbsp; &nbsp;&nbsp;&nbsp; &nbsp;&nbsp;&nbsp; &nbsp;&nbsp;&nbsp; &nbsp;&nbsp;&nbsp; &nbsp;&nbsp;&nbsp; &nbsp;&nbsp;&nbsp; &nbsp;&nbsp;&nbsp; &nbsp;<br />\n&nbsp;&nbsp; &nbsp;&nbsp;&nbsp; &nbsp;&nbsp;&nbsp; &nbsp;&nbsp;&nbsp; &nbsp;&nbsp;&nbsp; &nbsp;&nbsp;&nbsp; &nbsp;&nbsp;&nbsp; &nbsp;&nbsp;&nbsp; &nbsp;<br />\n&nbsp;&nbsp; &nbsp;&nbsp;&nbsp; &nbsp;&nbsp;&nbsp; &nbsp;&nbsp;&nbsp; &nbsp;&nbsp;&nbsp; &nbsp;&nbsp;&nbsp; &nbsp;&nbsp;&nbsp; &nbsp;&nbsp;&nbsp; &nbsp;<br />\n&nbsp;&nbsp; &nbsp;&nbsp;&nbsp; &nbsp;&nbsp;&nbsp; &nbsp;&nbsp;&nbsp; &nbsp;&nbsp;&nbsp; &nbsp;&nbsp;&nbsp; &nbsp;&nbsp;&nbsp; &nbsp;&nbsp;&nbsp; &nbsp;&nbsp;&nbsp; &nbsp;<br />\n&nbsp;&nbsp; &nbsp;&nbsp;&nbsp; &nbsp;&nbsp;&nbsp; &nbsp;&nbsp;&nbsp; &nbsp;&nbsp;&nbsp; &nbsp;&nbsp;&nbsp; &nbsp;&nbsp;&nbsp; &nbsp;&nbsp;&nbsp; &nbsp;&nbsp;&nbsp; &nbsp;<br />\n&nbsp;&nbsp; &nbsp;&nbsp;&nbsp; &nbsp;&nbsp;&nbsp; &nbsp;&nbsp;&nbsp; &nbsp;&nbsp;&nbsp; &nbsp;&nbsp;&nbsp; &nbsp;&nbsp;&nbsp; &nbsp;&nbsp;&nbsp; &nbsp;<br />\n&nbsp;&nbsp; &nbsp;&nbsp;&nbsp; &nbsp;&nbsp;&nbsp; &nbsp;&nbsp;&nbsp; &nbsp;&nbsp;&nbsp; &nbsp;&nbsp;&nbsp; &nbsp;&nbsp;&nbsp; &nbsp;&nbsp;&nbsp; &nbsp;<br />\n&nbsp;&nbsp; &nbsp;&nbsp;&nbsp; &nbsp;&nbsp;&nbsp; &nbsp;&nbsp;&nbsp; &nbsp;&nbsp;&nbsp; &nbsp;&nbsp;&nbsp; &nbsp;&nbsp;&nbsp; &nbsp;&nbsp;&nbsp; &nbsp;<br />\n&nbsp;&nbsp; &nbsp;&nbsp;&nbsp; &nbsp;&nbsp;&nbsp; &nbsp;&nbsp;&nbsp; &nbsp;&nbsp;&nbsp; &nbsp;&nbsp;&nbsp; &nbsp;&nbsp;&nbsp; &nbsp;&nbsp;&nbsp; &nbsp;&nbsp;&nbsp; &nbsp;<br />\n&nbsp;&nbsp; &nbsp;&nbsp;&nbsp; &nbsp;&nbsp;&nbsp; &nbsp;&nbsp;&nbsp; &nbsp;&nbsp;&nbsp; &nbsp;&nbsp;&nbsp; &nbsp;&nbsp;&nbsp; &nbsp;&nbsp;&nbsp; &nbsp;&nbsp;&nbsp; &nbsp;<br />\n&nbsp;&nbsp; &nbsp;&nbsp;&nbsp; &nbsp;&nbsp;&nbsp; &nbsp;&nbsp;&nbsp; &nbsp;&nbsp;&nbsp; &nbsp;&nbsp;&nbsp; &nbsp;&nbsp;&nbsp; &nbsp;&nbsp;&nbsp; &nbsp;<br />\n&nbsp;&nbsp; &nbsp;&nbsp;&nbsp; &nbsp;&nbsp;&nbsp; &nbsp;&nbsp;&nbsp; &nbsp;&nbsp;&nbsp; &nbsp;&nbsp;&nbsp; &nbsp;&nbsp;&nbsp; &nbsp;&nbsp;&nbsp; &nbsp;<br />\n&nbsp;&nbsp; &nbsp;&nbsp;&nbsp; &nbsp;&nbsp;&nbsp; &nbsp;&nbsp;&nbsp; &nbsp;&nbsp;&nbsp; &nbsp;&nbsp;&nbsp; &nbsp;&nbsp;&nbsp; &nbsp;&nbsp;&nbsp; &nbsp;<br />\n&nbsp;&nbsp; &nbsp;&nbsp;&nbsp; &nbsp;&nbsp;&nbsp; &nbsp;&nbsp;&nbsp; &nbsp;&nbsp;&nbsp; &nbsp;&nbsp;&nbsp; &nbsp;&nbsp;&nbsp; &nbsp;&nbsp;&nbsp; &nbsp;&nbsp;&nbsp; &nbsp;<br />\n&nbsp;&nbsp; &nbsp;&nbsp;&nbsp; &nbsp;&nbsp;&nbsp; &nbsp;&nbsp;&nbsp; &nbsp;&nbsp;&nbsp; &nbsp;&nbsp;&nbsp; &nbsp;&nbsp;&nbsp; &nbsp;&nbsp;&nbsp; &nbsp;&nbsp;&nbsp; &nbsp;<br />\n&nbsp;&nbsp; &nbsp;&nbsp;&nbsp; &nbsp;&nbsp;&nbsp; &nbsp;&nbsp;&nbsp; &nbsp;&nbsp;&nbsp; &nbsp;&nbsp;&nbsp; &nbsp;&nbsp;&nbsp; &nbsp;&nbsp;&nbsp; &nbsp;<br />\n&nbsp;&nbsp; &nbsp;&nbsp;&nbsp; &nbsp;&nbsp;&nbsp; &nbsp;&nbsp;&nbsp; &nbsp;&nbsp;&nbsp; &nbsp;&nbsp;&nbsp; &nbsp;&nbsp;&nbsp; &nbsp;&nbsp;&nbsp; &nbsp;<br />\n&nbsp;&nbsp; &nbsp;&nbsp;&nbsp; &nbsp;&nbsp;&nbsp; &nbsp;&nbsp;&nbsp; &nbsp;&nbsp;&nbsp; &nbsp;&nbsp;&nbsp; &nbsp;&nbsp;&nbsp; &nbsp;&nbsp;&nbsp; &nbsp;<br />\n&nbsp;&nbsp; &nbsp;&nbsp;&nbsp; &nbsp;&nbsp;&nbsp; &nbsp;&nbsp;&nbsp; &nbsp;&nbsp;&nbsp; &nbsp;&nbsp;&nbsp; &nbsp;&nbsp;&nbsp; &nbsp;&nbsp;&nbsp; &nbsp;&nbsp;&nbsp; &nbsp;<br />\n&nbsp;&nbsp; &nbsp;&nbsp;&nbsp; &nbsp;&nbsp;&nbsp; &nbsp;&nbsp;&nbsp; &nbsp;&nbsp;&nbsp; &nbsp;&nbsp;&nbsp; &nbsp;&nbsp;&nbsp; &nbsp;&nbsp;&nbsp; &nbsp;&nbsp;&nbsp; &nbsp;<br />\n&nbsp;&nbsp; &nbsp;&nbsp;&nbsp; &nbsp;&nbsp;&nbsp; &nbsp;&nbsp;&nbsp; &nbsp;&nbsp;&nbsp; &nbsp;&nbsp;&nbsp; &nbsp;&nbsp;&nbsp; &nbsp;&nbsp;&nbsp; &nbsp;<br />\n&nbsp;&nbsp; &nbsp;&nbsp;&nbsp; &nbsp;&nbsp;&nbsp; &nbsp;&nbsp;&nbsp; &nbsp;&nbsp;&nbsp; &nbsp;&nbsp;&nbsp; &nbsp;&nbsp;&nbsp; &nbsp;&nbsp;&nbsp; &nbsp;<br />\n&nbsp;&nbsp; &nbsp;&nbsp;&nbsp; &nbsp;&nbsp;&nbsp; &nbsp;&nbsp;&nbsp; &nbsp;&nbsp;&nbsp; &nbsp;&nbsp;&nbsp; &nbsp;&nbsp;&nbsp; &nbsp;&nbsp;&nbsp; &nbsp;</p>\n\n<table border="1" cellpadding="3" cellspacing="0">\n	<tbody>\n		<tr>\n			<td colspan="3">Tổng quan</td>\n		</tr>\n		<tr>\n			<td>Mạng 2G</td>\n			<td><br />\n			&nbsp;&nbsp; &nbsp;&nbsp;&nbsp; &nbsp;&nbsp;&nbsp; &nbsp;&nbsp;&nbsp; &nbsp;&nbsp;&nbsp; &nbsp;&nbsp;&nbsp; &nbsp;&nbsp;&nbsp; &nbsp;&nbsp;&nbsp; &nbsp;&nbsp;&nbsp; &nbsp;&nbsp;&nbsp; &nbsp;\n			<ul>\n				<li>GSM 850/900/1800/1900</li>\n			</ul>\n			<br />\n			&nbsp;&nbsp; &nbsp;&nbsp;&nbsp; &nbsp;&nbsp;&nbsp; &nbsp;&nbsp;&nbsp; &nbsp;&nbsp;&nbsp; &nbsp;&nbsp;&nbsp; &nbsp;&nbsp;&nbsp; &nbsp;&nbsp;&nbsp; &nbsp;&nbsp;&nbsp; &nbsp;</td>\n		</tr>\n		<tr>\n			<td>Mạng 3G</td>\n			<td><br />\n			&nbsp;&nbsp; &nbsp;&nbsp;&nbsp; &nbsp;&nbsp;&nbsp; &nbsp;&nbsp;&nbsp; &nbsp;&nbsp;&nbsp; &nbsp;&nbsp;&nbsp; &nbsp;&nbsp;&nbsp; &nbsp;&nbsp;&nbsp; &nbsp;&nbsp;&nbsp; &nbsp;&nbsp;&nbsp; &nbsp;\n			<ul>\n				<li>HSDPA 850/900/1700/1900/2100</li>\n			</ul>\n			<br />\n			&nbsp;&nbsp; &nbsp;&nbsp;&nbsp; &nbsp;&nbsp;&nbsp; &nbsp;&nbsp;&nbsp; &nbsp;&nbsp;&nbsp; &nbsp;&nbsp;&nbsp; &nbsp;&nbsp;&nbsp; &nbsp;&nbsp;&nbsp; &nbsp;&nbsp;&nbsp; &nbsp;</td>\n		</tr>\n		<tr>\n			<td>Hệ điều h&agrave;nh</td>\n			<td><br />\n			&nbsp;&nbsp; &nbsp;&nbsp;&nbsp; &nbsp;&nbsp;&nbsp; &nbsp;&nbsp;&nbsp; &nbsp;&nbsp;&nbsp; &nbsp;&nbsp;&nbsp; &nbsp;&nbsp;&nbsp; &nbsp;&nbsp;&nbsp; &nbsp;&nbsp;&nbsp; &nbsp;&nbsp;&nbsp; &nbsp;\n			<ul>\n				<li>IOS 7.1</li>\n				<li>iOS 8</li>\n			</ul>\n			<br />\n			&nbsp;&nbsp; &nbsp;&nbsp;&nbsp; &nbsp;&nbsp;&nbsp; &nbsp;&nbsp;&nbsp; &nbsp;&nbsp;&nbsp; &nbsp;&nbsp;&nbsp; &nbsp;&nbsp;&nbsp; &nbsp;&nbsp;&nbsp; &nbsp;&nbsp;&nbsp; &nbsp;</td>\n		</tr>\n		<tr>\n			<td colspan="3">Bộ nhớ</td>\n		</tr>\n		<tr>\n			<td>Bộ nhớ trong</td>\n			<td><br />\n			&nbsp;&nbsp; &nbsp;&nbsp;&nbsp; &nbsp;&nbsp;&nbsp; &nbsp;&nbsp;&nbsp; &nbsp;&nbsp;&nbsp; &nbsp;&nbsp;&nbsp; &nbsp;&nbsp;&nbsp; &nbsp;&nbsp;&nbsp; &nbsp;&nbsp;&nbsp; &nbsp;&nbsp;&nbsp; &nbsp;\n			<ul>\n				<li>32G</li>\n			</ul>\n			<br />\n			&nbsp;&nbsp; &nbsp;&nbsp;&nbsp; &nbsp;&nbsp;&nbsp; &nbsp;&nbsp;&nbsp; &nbsp;&nbsp;&nbsp; &nbsp;&nbsp;&nbsp; &nbsp;&nbsp;&nbsp; &nbsp;&nbsp;&nbsp; &nbsp;&nbsp;&nbsp; &nbsp;</td>\n		</tr>\n		<tr>\n			<td>Bộ nhớ Ram</td>\n			<td><br />\n			&nbsp;&nbsp; &nbsp;&nbsp;&nbsp; &nbsp;&nbsp;&nbsp; &nbsp;&nbsp;&nbsp; &nbsp;&nbsp;&nbsp; &nbsp;&nbsp;&nbsp; &nbsp;&nbsp;&nbsp; &nbsp;&nbsp;&nbsp; &nbsp;&nbsp;&nbsp; &nbsp;&nbsp;&nbsp; &nbsp;\n			<ul>\n				<li>1G</li>\n			</ul>\n			<br />\n			&nbsp;&nbsp; &nbsp;&nbsp;&nbsp; &nbsp;&nbsp;&nbsp; &nbsp;&nbsp;&nbsp; &nbsp;&nbsp;&nbsp; &nbsp;&nbsp;&nbsp; &nbsp;&nbsp;&nbsp; &nbsp;&nbsp;&nbsp; &nbsp;&nbsp;&nbsp; &nbsp;</td>\n		</tr>\n		<tr>\n			<td colspan="3">Camera</td>\n		</tr>\n		<tr>\n			<td>Camera sau</td>\n			<td><br />\n			&nbsp;&nbsp; &nbsp;&nbsp;&nbsp; &nbsp;&nbsp;&nbsp; &nbsp;&nbsp;&nbsp; &nbsp;&nbsp;&nbsp; &nbsp;&nbsp;&nbsp; &nbsp;&nbsp;&nbsp; &nbsp;&nbsp;&nbsp; &nbsp;&nbsp;&nbsp; &nbsp;&nbsp;&nbsp; &nbsp;\n			<ul>\n				<li>8 MP, &nbsp;Autofocus, Led flash</li>\n				<li>dual-LED (dual tone) flash</li>\n			</ul>\n			<br />\n			&nbsp;&nbsp; &nbsp;&nbsp;&nbsp; &nbsp;&nbsp;&nbsp; &nbsp;&nbsp;&nbsp; &nbsp;&nbsp;&nbsp; &nbsp;&nbsp;&nbsp; &nbsp;&nbsp;&nbsp; &nbsp;&nbsp;&nbsp; &nbsp;&nbsp;&nbsp; &nbsp;</td>\n		</tr>\n		<tr>\n			<td>Camera trước</td>\n			<td><br />\n			&nbsp;&nbsp; &nbsp;&nbsp;&nbsp; &nbsp;&nbsp;&nbsp; &nbsp;&nbsp;&nbsp; &nbsp;&nbsp;&nbsp; &nbsp;&nbsp;&nbsp; &nbsp;&nbsp;&nbsp; &nbsp;&nbsp;&nbsp; &nbsp;&nbsp;&nbsp; &nbsp;&nbsp;&nbsp; &nbsp;\n			<ul>\n				<li>1,2Mp</li>\n			</ul>\n			<br />\n			&nbsp;&nbsp; &nbsp;&nbsp;&nbsp; &nbsp;&nbsp;&nbsp; &nbsp;&nbsp;&nbsp; &nbsp;&nbsp;&nbsp; &nbsp;&nbsp;&nbsp; &nbsp;&nbsp;&nbsp; &nbsp;&nbsp;&nbsp; &nbsp;&nbsp;&nbsp; &nbsp;</td>\n		</tr>\n		<tr>\n			<td>T&iacute;nh năng</td>\n			<td><br />\n			&nbsp;&nbsp; &nbsp;&nbsp;&nbsp; &nbsp;&nbsp;&nbsp; &nbsp;&nbsp;&nbsp; &nbsp;&nbsp;&nbsp; &nbsp;&nbsp;&nbsp; &nbsp;&nbsp;&nbsp; &nbsp;&nbsp;&nbsp; &nbsp;&nbsp;&nbsp; &nbsp;&nbsp;&nbsp; &nbsp;\n			<ul>\n				<li>Autofocus, HDR, Pranoma...v&agrave; nhiều t&iacute;nh năng th&ocirc;ng minh kh&aacute;c</li>\n				<li>Chức năng ra lệnh chụp ảnh bằng giọng n&oacute;i. Gắn định vị l&ecirc;n ảnh.</li>\n				<li>Nhận diện khu&ocirc;n mặt</li>\n			</ul>\n			<br />\n			&nbsp;&nbsp; &nbsp;&nbsp;&nbsp; &nbsp;&nbsp;&nbsp; &nbsp;&nbsp;&nbsp; &nbsp;&nbsp;&nbsp; &nbsp;&nbsp;&nbsp; &nbsp;&nbsp;&nbsp; &nbsp;&nbsp;&nbsp; &nbsp;&nbsp;&nbsp; &nbsp;</td>\n		</tr>\n		<tr>\n			<td>Quay video</td>\n			<td><br />\n			&nbsp;&nbsp; &nbsp;&nbsp;&nbsp; &nbsp;&nbsp;&nbsp; &nbsp;&nbsp;&nbsp; &nbsp;&nbsp;&nbsp; &nbsp;&nbsp;&nbsp; &nbsp;&nbsp;&nbsp; &nbsp;&nbsp;&nbsp; &nbsp;&nbsp;&nbsp; &nbsp;&nbsp;&nbsp; &nbsp;\n			<ul>\n				<li>1080p khung h&igrave;nh 30fps</li>\n			</ul>\n			<br />\n			&nbsp;&nbsp; &nbsp;&nbsp;&nbsp; &nbsp;&nbsp;&nbsp; &nbsp;&nbsp;&nbsp; &nbsp;&nbsp;&nbsp; &nbsp;&nbsp;&nbsp; &nbsp;&nbsp;&nbsp; &nbsp;&nbsp;&nbsp; &nbsp;&nbsp;&nbsp; &nbsp;</td>\n		</tr>\n		<tr>\n			<td colspan="3">T&iacute;nh năng</td>\n		</tr>\n		<tr>\n			<td>T&iacute;nh năng</td>\n			<td><br />\n			&nbsp;&nbsp; &nbsp;&nbsp;&nbsp; &nbsp;&nbsp;&nbsp; &nbsp;&nbsp;&nbsp; &nbsp;&nbsp;&nbsp; &nbsp;&nbsp;&nbsp; &nbsp;&nbsp;&nbsp; &nbsp;&nbsp;&nbsp; &nbsp;&nbsp;&nbsp; &nbsp;&nbsp;&nbsp; &nbsp;\n			<ul>\n				<li>Bản đồ</li>\n				<li>C&aacute;c t&iacute;nh năng th&ocirc;ng minh kh&aacute;c</li>\n				<li>Cảm biến v&acirc;n tay</li>\n				<li>Cảm biến xoay, tiệm cận....</li>\n				<li>Chỉnh sửa, bi&ecirc;n tập Ảnh - Video</li>\n				<li>Duyệt v&agrave; chỉnh sửa Word, Excel, PowerPoint, PDF</li>\n				<li>Khử nhiễu trong m&ocirc;i trường nhiều tiếng ồn</li>\n				<li>MP3/MP4/H.264/H.263/WMV/DviX...</li>\n				<li>Nhập liệu, điều khiển bằng giọng n&oacute;i</li>\n				<li>Điểm ph&aacute;t Wifi</li>\n			</ul>\n			<br />\n			&nbsp;&nbsp; &nbsp;&nbsp;&nbsp; &nbsp;&nbsp;&nbsp; &nbsp;&nbsp;&nbsp; &nbsp;&nbsp;&nbsp; &nbsp;&nbsp;&nbsp; &nbsp;&nbsp;&nbsp; &nbsp;&nbsp;&nbsp; &nbsp;&nbsp;&nbsp; &nbsp;</td>\n		</tr>\n		<tr>\n			<td colspan="3">K&iacute;ch thước</td>\n		</tr>\n		<tr>\n			<td>K&iacute;ch thước</td>\n			<td><br />\n			&nbsp;&nbsp; &nbsp;&nbsp;&nbsp; &nbsp;&nbsp;&nbsp; &nbsp;&nbsp;&nbsp; &nbsp;&nbsp;&nbsp; &nbsp;&nbsp;&nbsp; &nbsp;&nbsp;&nbsp; &nbsp;&nbsp;&nbsp; &nbsp;&nbsp;&nbsp; &nbsp;&nbsp;&nbsp; &nbsp;\n			<ul>\n				<li>123.8 x 58.6 x 7.6 mm</li>\n			</ul>\n			<br />\n			&nbsp;&nbsp; &nbsp;&nbsp;&nbsp; &nbsp;&nbsp;&nbsp; &nbsp;&nbsp;&nbsp; &nbsp;&nbsp;&nbsp; &nbsp;&nbsp;&nbsp; &nbsp;&nbsp;&nbsp; &nbsp;&nbsp;&nbsp; &nbsp;&nbsp;&nbsp; &nbsp;</td>\n		</tr>\n		<tr>\n			<td>Trọng lượng</td>\n			<td><br />\n			&nbsp;&nbsp; &nbsp;&nbsp;&nbsp; &nbsp;&nbsp;&nbsp; &nbsp;&nbsp;&nbsp; &nbsp;&nbsp;&nbsp; &nbsp;&nbsp;&nbsp; &nbsp;&nbsp;&nbsp; &nbsp;&nbsp;&nbsp; &nbsp;&nbsp;&nbsp; &nbsp;&nbsp;&nbsp; &nbsp;\n			<ul>\n				<li>112 g</li>\n			</ul>\n			<br />\n			&nbsp;&nbsp; &nbsp;&nbsp;&nbsp; &nbsp;&nbsp;&nbsp; &nbsp;&nbsp;&nbsp; &nbsp;&nbsp;&nbsp; &nbsp;&nbsp;&nbsp; &nbsp;&nbsp;&nbsp; &nbsp;&nbsp;&nbsp; &nbsp;&nbsp;&nbsp; &nbsp;</td>\n		</tr>\n		<tr>\n			<td colspan="3">Hiển thị</td>\n		</tr>\n		<tr>\n			<td>M&agrave;n h&igrave;nh</td>\n			<td><br />\n			&nbsp;&nbsp; &nbsp;&nbsp;&nbsp; &nbsp;&nbsp;&nbsp; &nbsp;&nbsp;&nbsp; &nbsp;&nbsp;&nbsp; &nbsp;&nbsp;&nbsp; &nbsp;&nbsp;&nbsp; &nbsp;&nbsp;&nbsp; &nbsp;&nbsp;&nbsp; &nbsp;&nbsp;&nbsp; &nbsp;\n			<ul>\n				<li>4.0 inch</li>\n			</ul>\n			<br />\n			&nbsp;&nbsp; &nbsp;&nbsp;&nbsp; &nbsp;&nbsp;&nbsp; &nbsp;&nbsp;&nbsp; &nbsp;&nbsp;&nbsp; &nbsp;&nbsp;&nbsp; &nbsp;&nbsp;&nbsp; &nbsp;&nbsp;&nbsp; &nbsp;&nbsp;&nbsp; &nbsp;</td>\n		</tr>\n		<tr>\n			<td>Độ ph&acirc;n giải</td>\n			<td><br />\n			&nbsp;&nbsp; &nbsp;&nbsp;&nbsp; &nbsp;&nbsp;&nbsp; &nbsp;&nbsp;&nbsp; &nbsp;&nbsp;&nbsp; &nbsp;&nbsp;&nbsp; &nbsp;&nbsp;&nbsp; &nbsp;&nbsp;&nbsp; &nbsp;&nbsp;&nbsp; &nbsp;&nbsp;&nbsp; &nbsp;\n			<ul>\n				<li>640 x 1136pixels</li>\n			</ul>\n			<br />\n			&nbsp;&nbsp; &nbsp;&nbsp;&nbsp; &nbsp;&nbsp;&nbsp; &nbsp;&nbsp;&nbsp; &nbsp;&nbsp;&nbsp; &nbsp;&nbsp;&nbsp; &nbsp;&nbsp;&nbsp; &nbsp;&nbsp;&nbsp; &nbsp;&nbsp;&nbsp; &nbsp;</td>\n		</tr>\n		<tr>\n			<td>K&iacute;nh cường lực</td>\n			<td><br />\n			&nbsp;&nbsp; &nbsp;&nbsp;&nbsp; &nbsp;&nbsp;&nbsp; &nbsp;&nbsp;&nbsp; &nbsp;&nbsp;&nbsp; &nbsp;&nbsp;&nbsp; &nbsp;&nbsp;&nbsp; &nbsp;&nbsp;&nbsp; &nbsp;&nbsp;&nbsp; &nbsp;&nbsp;&nbsp; &nbsp;\n			<ul>\n				<li>Gorilla Glass</li>\n			</ul>\n			<br />\n			&nbsp;&nbsp; &nbsp;&nbsp;&nbsp; &nbsp;&nbsp;&nbsp; &nbsp;&nbsp;&nbsp; &nbsp;&nbsp;&nbsp; &nbsp;&nbsp;&nbsp; &nbsp;&nbsp;&nbsp; &nbsp;&nbsp;&nbsp; &nbsp;&nbsp;&nbsp; &nbsp;</td>\n		</tr>\n		<tr>\n			<td colspan="3">Kết nối</td>\n		</tr>\n		<tr>\n			<td>Bluetooth</td>\n			<td><br />\n			&nbsp;&nbsp; &nbsp;&nbsp;&nbsp; &nbsp;&nbsp;&nbsp; &nbsp;&nbsp;&nbsp; &nbsp;&nbsp;&nbsp; &nbsp;&nbsp;&nbsp; &nbsp;&nbsp;&nbsp; &nbsp;&nbsp;&nbsp; &nbsp;&nbsp;&nbsp; &nbsp;&nbsp;&nbsp; &nbsp;\n			<ul>\n				<li>Bluetooth 4.0 with A2DP</li>\n				<li>Bluetooth 4.0 with LE+EDR</li>\n			</ul>\n			<br />\n			&nbsp;&nbsp; &nbsp;&nbsp;&nbsp; &nbsp;&nbsp;&nbsp; &nbsp;&nbsp;&nbsp; &nbsp;&nbsp;&nbsp; &nbsp;&nbsp;&nbsp; &nbsp;&nbsp;&nbsp; &nbsp;&nbsp;&nbsp; &nbsp;&nbsp;&nbsp; &nbsp;</td>\n		</tr>\n		<tr>\n			<td>Wifi</td>\n			<td><br />\n			&nbsp;&nbsp; &nbsp;&nbsp;&nbsp; &nbsp;&nbsp;&nbsp; &nbsp;&nbsp;&nbsp; &nbsp;&nbsp;&nbsp; &nbsp;&nbsp;&nbsp; &nbsp;&nbsp;&nbsp; &nbsp;&nbsp;&nbsp; &nbsp;&nbsp;&nbsp; &nbsp;&nbsp;&nbsp; &nbsp;\n			<ul>\n				<li>Wi-Fi 802.11 a/b/g/n, dual-band, Wi-Fi hotspot</li>\n			</ul>\n			<br />\n			&nbsp;&nbsp; &nbsp;&nbsp;&nbsp; &nbsp;&nbsp;&nbsp; &nbsp;&nbsp;&nbsp; &nbsp;&nbsp;&nbsp; &nbsp;&nbsp;&nbsp; &nbsp;&nbsp;&nbsp; &nbsp;&nbsp;&nbsp; &nbsp;&nbsp;&nbsp; &nbsp;</td>\n		</tr>\n		<tr>\n			<td colspan="3">Xử l&yacute;</td>\n		</tr>\n		<tr>\n			<td>CPU</td>\n			<td><br />\n			&nbsp;&nbsp; &nbsp;&nbsp;&nbsp; &nbsp;&nbsp;&nbsp; &nbsp;&nbsp;&nbsp; &nbsp;&nbsp;&nbsp; &nbsp;&nbsp;&nbsp; &nbsp;&nbsp;&nbsp; &nbsp;&nbsp;&nbsp; &nbsp;&nbsp;&nbsp; &nbsp;&nbsp;&nbsp; &nbsp;\n			<ul>\n				<li>Dual-core 1.3 GHz Cyclone (ARM v8-based)</li>\n			</ul>\n			<br />\n			&nbsp;&nbsp; &nbsp;&nbsp;&nbsp; &nbsp;&nbsp;&nbsp; &nbsp;&nbsp;&nbsp; &nbsp;&nbsp;&nbsp; &nbsp;&nbsp;&nbsp; &nbsp;&nbsp;&nbsp; &nbsp;&nbsp;&nbsp; &nbsp;&nbsp;&nbsp; &nbsp;</td>\n		</tr>\n		<tr>\n			<td>GPU</td>\n			<td><br />\n			&nbsp;&nbsp; &nbsp;&nbsp;&nbsp; &nbsp;&nbsp;&nbsp; &nbsp;&nbsp;&nbsp; &nbsp;&nbsp;&nbsp; &nbsp;&nbsp;&nbsp; &nbsp;&nbsp;&nbsp; &nbsp;&nbsp;&nbsp; &nbsp;&nbsp;&nbsp; &nbsp;&nbsp;&nbsp; &nbsp;\n			<ul>\n				<li>PowerVR G6430 (quad-core graphics)</li>\n			</ul>\n			<br />\n			&nbsp;&nbsp; &nbsp;&nbsp;&nbsp; &nbsp;&nbsp;&nbsp; &nbsp;&nbsp;&nbsp; &nbsp;&nbsp;&nbsp; &nbsp;&nbsp;&nbsp; &nbsp;&nbsp;&nbsp; &nbsp;&nbsp;&nbsp; &nbsp;&nbsp;&nbsp; &nbsp;</td>\n		</tr>\n		<tr>\n			<td>Định vị GPS</td>\n			<td><br />\n			&nbsp;&nbsp; &nbsp;&nbsp;&nbsp; &nbsp;&nbsp;&nbsp; &nbsp;&nbsp;&nbsp; &nbsp;&nbsp;&nbsp; &nbsp;&nbsp;&nbsp; &nbsp;&nbsp;&nbsp; &nbsp;&nbsp;&nbsp; &nbsp;&nbsp;&nbsp; &nbsp;&nbsp;&nbsp; &nbsp;\n			<ul>\n				<li>A-GPS support and GLONASS</li>\n			</ul>\n			<br />\n			&nbsp;&nbsp; &nbsp;&nbsp;&nbsp; &nbsp;&nbsp;&nbsp; &nbsp;&nbsp;&nbsp; &nbsp;&nbsp;&nbsp; &nbsp;&nbsp;&nbsp; &nbsp;&nbsp;&nbsp; &nbsp;&nbsp;&nbsp; &nbsp;&nbsp;&nbsp; &nbsp;</td>\n		</tr>\n		<tr>\n			<td colspan="3">Pin</td>\n		</tr>\n		<tr>\n			<td>Dung lượng pin</td>\n			<td><br />\n			&nbsp;&nbsp; &nbsp;&nbsp;&nbsp; &nbsp;&nbsp;&nbsp; &nbsp;&nbsp;&nbsp; &nbsp;&nbsp;&nbsp; &nbsp;&nbsp;&nbsp; &nbsp;&nbsp;&nbsp; &nbsp;&nbsp;&nbsp; &nbsp;&nbsp;&nbsp; &nbsp;&nbsp;&nbsp; &nbsp;\n			<ul>\n				<li>Kh&ocirc;ng thể th&aacute;o rời</li>\n				<li>Li-Po 1560 mAh</li>\n			</ul>\n			<br />\n			&nbsp;&nbsp; &nbsp;&nbsp;&nbsp; &nbsp;&nbsp;&nbsp; &nbsp;&nbsp;&nbsp; &nbsp;&nbsp;&nbsp; &nbsp;&nbsp;&nbsp; &nbsp;&nbsp;&nbsp; &nbsp;&nbsp;&nbsp; &nbsp;&nbsp;&nbsp; &nbsp;</td>\n		</tr>\n	</tbody>\n</table>\n\n<p>&nbsp;</p>\n', 1500, 'samsungs3.jpg', 16, 1, '<p>Tặng Gói Bảo Hành Vàng trị giá 500.000đ<br>Tặng kèm bộ sạc, cáp, tai nghe trị giá 550.000đ<br>Tặng kèm dán màn hình miễn phí 06 tháng trị giá 100.000đ<br>Tặng kèm bút cảm ứng thời trang giá 50.000đ<br>Ưu đãi cường lực giá chỉ 80.000đ<br>Ưu đãi Ốp lưng dẻo sillicon giá chỉ 50.000đ<br>Ưu đãi Ốp lưng cứng Nilkin giá chỉ 140.000đ<br>Ưu đãi Bao da chỉ còn 200.000đ<br>Ưu đãi pin dự phòng Xiaomi 10.000mAh chính hãng chỉ 390.000đ<br>Giảm thêm 100.000đ với Khách hàng thân thiết</p>', 3),
(34, 'iPhone 6 Plus - 16G Qsd', 1, 10490000, '<p>oe oe</p>\r\n', '<p>oeo</p>\r\n', 10, 'iphone_6.jpg', 0, 1, '<p>Tặng Gói Bảo Hành Vàng trị giá 500.000đ<br>Tặng kèm bộ sạc, cáp, tai nghe trị giá 550.000đ<br>Tặng kèm dán màn hình miễn phí 06 tháng trị giá 100.000đ<br>Tặng kèm bút cảm ứng thời trang giá 50.000đ<br>Ưu đãi cường lực giá chỉ 80.000đ<br>Ưu đãi Ốp lưng dẻo sillicon giá chỉ 50.000đ<br>Ưu đãi Ốp lưng cứng Nilkin giá chỉ 140.000đ<br>Ưu đãi Bao da chỉ còn 200.000đ<br>Ưu đãi pin dự phòng Xiaomi 10.000mAh chính hãng chỉ 390.000đ<br>Giảm thêm 100.000đ với Khách hàng thân thiết</p>', 3);

-- --------------------------------------------------------

--
-- Table structure for table `tinhtranghoadon_lbl`
--

CREATE TABLE `tinhtranghoadon_lbl` (
  `tID` int(10) NOT NULL,
  `tStatus` varchar(20) COLLATE utf8_unicode_ci NOT NULL
) ENGINE=InnoDB DEFAULT CHARSET=utf8 COLLATE=utf8_unicode_ci;

--
-- Dumping data for table `tinhtranghoadon_lbl`
--

INSERT INTO `tinhtranghoadon_lbl` (`tID`, `tStatus`) VALUES
(1, 'Chưa chuyển'),
(2, 'Đã chuyển'),
(3, 'Đang chuyển');

-- --------------------------------------------------------

--
-- Table structure for table `typephone_lbl`
--

CREATE TABLE `typephone_lbl` (
  `pID` int(10) NOT NULL,
  `pTypephone` varchar(100) COLLATE utf8_unicode_ci NOT NULL,
  `pDescribe` text COLLATE utf8_unicode_ci NOT NULL,
  `pStatus` int(50) NOT NULL DEFAULT '1',
  `pNSX` text COLLATE utf8_unicode_ci NOT NULL
) ENGINE=InnoDB DEFAULT CHARSET=utf8 COLLATE=utf8_unicode_ci;

--
-- Dumping data for table `typephone_lbl`
--

INSERT INTO `typephone_lbl` (`pID`, `pTypephone`, `pDescribe`, `pStatus`, `pNSX`) VALUES
(1, 'IPhone', 'Một dòng sản phẩm đến từ Apple', 1, 'Apple'),
(2, 'SamSung', 'Một dòng sản phẩm đến từ SamSung', 1, 'SamSung'),
(3, 'Sky', '1234', 1, 'Pantech'),
(14, 'Xiaomi', 'Đẹp trai', 1, 'Xiaomi'),
(16, 'Asus', 'dsdsd', 1, 'Asus'),
(17, 'LG', 'LG', 1, 'LG'),
(18, 'Sony', 'Sony', 1, 'Sony'),
(19, 'HTC', 'HTC', 1, 'HTC');

-- --------------------------------------------------------

--
-- Table structure for table `user_lbl`
--

CREATE TABLE `user_lbl` (
  `uID` int(10) NOT NULL,
  `uUser` varchar(30) COLLATE utf8_unicode_ci NOT NULL,
  `uPass` varchar(10) COLLATE utf8_unicode_ci NOT NULL,
  `uName` varchar(50) COLLATE utf8_unicode_ci NOT NULL,
  `uPhone` varchar(11) COLLATE utf8_unicode_ci NOT NULL,
  `uAdd` varchar(100) COLLATE utf8_unicode_ci NOT NULL,
  `uMail` varchar(100) COLLATE utf8_unicode_ci NOT NULL,
  `uStatus` tinyint(1) NOT NULL DEFAULT '1',
  `uAdmin` tinyint(1) NOT NULL DEFAULT '0'
) ENGINE=InnoDB DEFAULT CHARSET=utf8 COLLATE=utf8_unicode_ci;

--
-- Dumping data for table `user_lbl`
--

INSERT INTO `user_lbl` (`uID`, `uUser`, `uPass`, `uName`, `uPhone`, `uAdd`, `uMail`, `uStatus`, `uAdmin`) VALUES
(68, 'NguyenThiThuy', '123456', 'Nguyễn Thị Thủy', '016778787', 'Ninh Bình', '', 1, 1),
(77, 'NguyenCaoDuc', '123456', 'Nguyễn Cao Đức', '016767676', 'Thanh Hóa', 'vkl@gmail.com', 1, 0),
(79, 'DoanPham', '123456', 'Đoàn', '123', '', '', 1, 1);

--
-- Indexes for dumped tables
--

--
-- Indexes for table `comment_lbl`
--
ALTER TABLE `comment_lbl`
  ADD PRIMARY KEY (`cmID`);

--
-- Indexes for table `customer`
--
ALTER TABLE `customer`
  ADD PRIMARY KEY (`cID`);

--
-- Indexes for table `khuyenmai_lbl`
--
ALTER TABLE `khuyenmai_lbl`
  ADD PRIMARY KEY (`kID`);

--
-- Indexes for table `order_detail_lbl`
--
ALTER TABLE `order_detail_lbl`
  ADD PRIMARY KEY (`oID_ct`);

--
-- Indexes for table `order_lbl`
--
ALTER TABLE `order_lbl`
  ADD PRIMARY KEY (`oID`);

--
-- Indexes for table `phone_lbl`
--
ALTER TABLE `phone_lbl`
  ADD PRIMARY KEY (`pIMEI`);
ALTER TABLE `phone_lbl` ADD FULLTEXT KEY `pName` (`pName`);

--
-- Indexes for table `tinhtranghoadon_lbl`
--
ALTER TABLE `tinhtranghoadon_lbl`
  ADD PRIMARY KEY (`tID`);

--
-- Indexes for table `typephone_lbl`
--
ALTER TABLE `typephone_lbl`
  ADD PRIMARY KEY (`pID`);

--
-- Indexes for table `user_lbl`
--
ALTER TABLE `user_lbl`
  ADD PRIMARY KEY (`uID`),
  ADD UNIQUE KEY `uUser` (`uUser`);

--
-- AUTO_INCREMENT for dumped tables
--

--
-- AUTO_INCREMENT for table `comment_lbl`
--
ALTER TABLE `comment_lbl`
  MODIFY `cmID` int(10) NOT NULL AUTO_INCREMENT, AUTO_INCREMENT=13;
--
-- AUTO_INCREMENT for table `customer`
--
ALTER TABLE `customer`
  MODIFY `cID` int(10) NOT NULL AUTO_INCREMENT, AUTO_INCREMENT=35;
--
-- AUTO_INCREMENT for table `khuyenmai_lbl`
--
ALTER TABLE `khuyenmai_lbl`
  MODIFY `kID` int(11) NOT NULL AUTO_INCREMENT, AUTO_INCREMENT=3;
--
-- AUTO_INCREMENT for table `order_detail_lbl`
--
ALTER TABLE `order_detail_lbl`
  MODIFY `oID_ct` int(11) NOT NULL AUTO_INCREMENT, AUTO_INCREMENT=80;
--
-- AUTO_INCREMENT for table `order_lbl`
--
ALTER TABLE `order_lbl`
  MODIFY `oID` int(10) NOT NULL AUTO_INCREMENT, AUTO_INCREMENT=33;
--
-- AUTO_INCREMENT for table `phone_lbl`
--
ALTER TABLE `phone_lbl`
  MODIFY `pIMEI` int(10) NOT NULL AUTO_INCREMENT, AUTO_INCREMENT=38;
--
-- AUTO_INCREMENT for table `tinhtranghoadon_lbl`
--
ALTER TABLE `tinhtranghoadon_lbl`
  MODIFY `tID` int(10) NOT NULL AUTO_INCREMENT, AUTO_INCREMENT=4;
--
-- AUTO_INCREMENT for table `typephone_lbl`
--
ALTER TABLE `typephone_lbl`
  MODIFY `pID` int(10) NOT NULL AUTO_INCREMENT, AUTO_INCREMENT=22;
--
-- AUTO_INCREMENT for table `user_lbl`
--
ALTER TABLE `user_lbl`
  MODIFY `uID` int(10) NOT NULL AUTO_INCREMENT, AUTO_INCREMENT=81;
/*!40101 SET CHARACTER_SET_CLIENT=@OLD_CHARACTER_SET_CLIENT */;
/*!40101 SET CHARACTER_SET_RESULTS=@OLD_CHARACTER_SET_RESULTS */;
/*!40101 SET COLLATION_CONNECTION=@OLD_COLLATION_CONNECTION */;
